ID,price
7000,50.06927814352337
7001,47.25659970143622
7002,134.27234864089505
7003,94.39344791036679
7004,52.46288339234375
7005,512.9436122140195
7006,62.5521640582125
7007,249.8138633936335
7008,38.06001627046482
7009,120.74801462513572
7010,143.78751565936338
7011,308.90032842953445
7012,36.94295115404352
7013,210.4966347963676
7014,43.91451790077366
7015,772.7800463849835
7016,642.0833558694086
7017,203.5611642088678
7018,157.15578908035226
7019,81.09715964379146
7020,149.610181821678
7021,749.7743102429519
7022,88.66626747449875
7023,1329.1300961382824
7024,248.28024432846448
7025,189.14541632659407
7026,83.68732303993515
7027,272.7390036603712
7028,45.175016223890964
7029,144.11963410936528
7030,130.9311023670708
7031,258.5323895481752
7032,61.71078843085956
7033,170.21812464367088
7034,381.60198211688044
7035,433.9156537574452
7036,120.86194746088908
7037,131.14106797194947
7038,86.0878614750868
7039,234.41048398502093
7040,140.44452885425713
7041,52.73854751186794
7042,86.22561276089829
7043,447.7434537392353
7044,118.17992652010726
7045,158.294279507919
7046,206.66402529314277
7047,70.8811524597964
7048,198.65455302302303
7049,94.52447904681806
7050,173.71622221602885
7051,208.83822188913976
7052,45.87377785384805
7053,43.17499324144399
7054,207.1500339086621
7055,43.05734112217413
7056,1298.1813794060295
7057,101.595411000816
7058,583.0878569772532
7059,74.21024244063464
7060,180.02688426197633
7061,116.55721428899297
7062,83.76101790578547
7063,142.76743334480008
7064,270.7582315982882
7065,178.62851478102948
7066,241.2336056139192
7067,146.46970391313374
7068,151.109817057563
7069,132.3955330002832
7070,201.0171734952802
7071,69.99680662790546
7072,228.89299550410996
7073,127.46975942344558
7074,165.16200170380117
7075,115.12040441258846
7076,69.00053634683937
7077,562.3251378830984
7078,270.44837250554957
7079,115.03957505396352
7080,380.37234259027144
7081,285.74164316213756
7082,375.45276993140914
7083,70.45275316746273
7084,128.03101445965663
7085,120.92850030005845
7086,1426.6979795044435
7087,274.53642831175773
7088,106.27851304196082
7089,69.17073172653213
7090,210.42462909608992
7091,238.96057899796844
7092,113.09819177121305
7093,288.6894753406444
7094,252.56818546056184
7095,424.0963933856911
7096,305.88422262417345
7097,71.95723173775562
7098,643.6162088776025
7099,132.5180434115521
7100,431.49371590606665
7101,121.45282897784347
7102,37.65721417136249
7103,137.26937895889822
7104,213.02375986703126
7105,250.89341502788713
7106,183.34673781410302
7107,70.974715676889
7108,94.64736797766568
7109,85.76904083030063
7110,140.97872865345676
7111,135.0685900843848
7112,65.78700003264565
7113,68.37572936159133
7114,406.74390740380676
7115,152.09237778274246
7116,348.9344919399553
7117,150.48895526976702
7118,54.84068205620332
7119,44.48598802870356
7120,88.89351718733411
7121,67.93805352969544
7122,140.4160298106773
7123,73.22904783205199
7124,168.17079976720353
7125,84.04403880275866
7126,56.833444803845815
7127,46.757072421657234
7128,183.67172972488348
7129,203.42553339591234
7130,105.51576849327954
7131,174.20875016639218
7132,296.9556324126292
7133,477.2029440464107
7134,123.06923780001382
7135,79.72269776820143
7136,194.26546586205947
7137,192.47345040836186
7138,80.36079267904967
7139,111.97535363853872
7140,204.4055846014181
7141,222.7899274026868
7142,84.8593880356284
7143,65.5418279794222
7144,400.8824482970628
7145,192.6947755546337
7146,524.8011178191849
7147,62.45984001713236
7148,154.93764757661177
7149,55.18414111530274
7150,107.77464182076301
7151,225.83082376076763
7152,649.8654631574308
7153,293.08980153831504
7154,155.33014797860298
7155,215.09690306851323
7156,209.19433764362202
7157,215.45393394776508
7158,279.52339977408207
7159,167.1398012226012
7160,170.27354106983316
7161,167.10697634490685
7162,114.41436222050129
7163,79.01212746659083
7164,151.7769263720455
7165,50.646106270985086
7166,30.357277681772302
7167,77.01126311004197
7168,198.18293633961616
7169,148.3324879454378
7170,77.79028476054113
7171,1510.5579949769958
7172,56.757182032378836
7173,142.7434877824262
7174,44.474544780723484
7175,140.88663498080695
7176,108.71516837253871
7177,48.10903535362178
7178,78.38879532437088
7179,43.45404023435449
7180,219.66058331378096
7181,72.6108349243844
7182,185.51183599586105
7183,127.45997260171352
7184,76.6979956795525
7185,200.61668011352458
7186,76.57339834379049
7187,54.05266737005425
7188,159.63322573675086
7189,268.02694350532954
7190,470.66659012585706
7191,149.07668936161784
7192,455.09315099893405
7193,127.35236016142069
7194,92.95317485333923
7195,119.63801783176957
7196,488.6636229625167
7197,800.5128387566407
7198,1892.3032926280562
7199,157.03246078210785
7200,69.49264542885308
7201,229.3322227095721
7202,205.6074146208393
7203,342.9011909290093
7204,883.8512458257954
7205,184.09159493207736
7206,53.20576523412489
7207,55.447986192026974
7208,112.49313273390295
7209,129.3384411739755
7210,60.8071016623991
7211,137.12301778941017
7212,71.51702853220995
7213,188.43614013650676
7214,129.28511015759022
7215,301.9522250464997
7216,77.99766862363995
7217,60.81510462435566
7218,551.8404628576073
7219,163.2488742490865
7220,179.77718579571183
7221,551.4731788299079
7222,138.2257619121729
7223,330.9555396916381
7224,313.9611976144078
7225,225.48600333355088
7226,311.1970860431
7227,197.59988508043486
7228,315.58674903491067
7229,83.24942431205788
7230,92.94587842256948
7231,61.194410301876275
7232,52.94967541685475
7233,115.96337972989988
7234,252.49324927507075
7235,67.2454381214101
7236,188.92437221513475
7237,1721.2158898240214
7238,321.4160141286917
7239,429.0165572604014
7240,198.45522527687413
7241,134.23547028863433
7242,31.442227117566762
7243,37.042971196728885
7244,73.27479557069438
7245,56.54874226959661
7246,165.713422065567
7247,49.59048780687502
7248,144.21729761278098
7249,132.45278152174225
7250,66.69151240077737
7251,425.4903484774988
7252,56.89761129800689
7253,153.83057750998424
7254,192.2643368732893
7255,97.37164470370406
7256,153.68734710538192
7257,370.1917840921965
7258,88.04601962960665
7259,83.45247308926338
7260,460.45761442319287
7261,137.97123331228178
7262,228.0282971788737
7263,53.117195696384776
7264,182.2580915292272
7265,250.55936574662056
7266,798.3681701909663
7267,225.4885445097168
7268,97.56297850058782
7269,195.717095739911
7270,157.3649356483653
7271,149.2756210170833
7272,92.41618255791167
7273,59.4410610292347
7274,76.42824159090746
7275,181.97224358013185
7276,1252.3045072208902
7277,48.423361892056846
7278,201.14538049975715
7279,578.1941814701
7280,265.6102402105692
7281,259.74674060025416
7282,213.01055545855408
7283,77.81599104248544
7284,163.2314241931662
7285,1567.8965340748714
7286,123.94757489548904
7287,220.86591074886363
7288,76.39023569408201
7289,63.228284482348705
7290,85.18419326692153
7291,73.34745498558384
7292,1661.9743977026812
7293,102.57613834771708
7294,174.153140950938
7295,283.7549150522006
7296,172.17580520425736
7297,299.65513227703633
7298,551.8590130249944
7299,199.0878422139458
7300,471.65405425548624
7301,146.76097715488973
7302,209.98908373816494
7303,114.65979262907526
7304,140.82419506162654
7305,1305.7625695999934
7306,141.13435970663724
7307,424.14471591681695
7308,60.272098038537756
7309,70.08682711162712
7310,155.09117514894425
7311,427.4272028175965
7312,132.70988709833657
7313,347.8253456083167
7314,122.47506028062547
7315,130.43382977535924
7316,73.24608680318492
7317,38.84432073884489
7318,53.745076408985966
7319,177.1951313221498
7320,43.59697310986538
7321,632.5879786417313
7322,154.2977083278916
7323,342.0003723251696
7324,109.34420979395732
7325,167.23793841682948
7326,73.2841343751776
7327,1776.0869033710333
7328,79.79602963948086
7329,183.4481183875893
7330,52.19293533803483
7331,318.89801618759907
7332,255.1073813074481
7333,262.9941191039956
7334,714.5949939723192
7335,1692.2252053974487
7336,151.53643318632925
7337,70.68599516114061
7338,65.3556340856982
7339,73.55016053363512
7340,196.082542850642
7341,210.44711257497184
7342,297.32782813884324
7343,162.53209234549539
7344,143.96004845695578
7345,117.99910210293403
7346,483.8285619664552
7347,52.663703136664964
7348,220.33016823709156
7349,371.6285884832627
7350,87.75103347593138
7351,42.28423278575466
7352,174.63667898671636
7353,148.93967471952746
7354,247.1961148621889
7355,118.00841082888883
7356,86.91421400289296
7357,116.17018042209929
7358,100.57532676105671
7359,184.62649429407122
7360,341.3116442652394
7361,156.65011904281243
7362,117.49225194967919
7363,74.12806244353375
7364,84.66674086615829
7365,431.2099267778372
7366,57.187413044741675
7367,141.13742579525174
7368,154.46742905757628
7369,240.0757186278554
7370,172.56480508706716
7371,222.43274746302237
7372,69.38997632697972
7373,1249.5945403296046
7374,232.78000103497456
7375,289.48421512582127
7376,139.85352856299133
7377,233.03551637697578
7378,77.88561516476075
7379,159.7830522665807
7380,53.02614689297416
7381,141.04038063969384
7382,73.16592512359588
7383,1330.462196694051
7384,260.876508826477
7385,246.70843356359407
7386,174.6235412947444
7387,80.1490713752504
7388,77.69004841352883
7389,124.59470017746956
7390,264.4169888880472
7391,220.74156281721574
7392,102.40684379807517
7393,44.56969192540754
7394,166.35480088141637
7395,109.15884040970434
7396,60.90947466025674
7397,146.91281028143467
7398,295.47091306729794
7399,60.92038613816336
7400,49.87791958753565
7401,158.3882473170069
7402,77.6540509311505
7403,123.71923571470779
7404,229.51875068071936
7405,239.5248906682509
7406,72.20534044173627
7407,78.19036706974978
7408,70.74228627220694
7409,1256.8213842488844
7410,52.79296136926348
7411,182.3961781384278
7412,57.362858006839495
7413,138.76045187422707
7414,352.9055748193502
7415,55.941699416887644
7416,63.161050332979585
7417,88.67687591465237
7418,226.9559990810776
7419,129.4772094581094
7420,59.087281402268786
7421,101.72563747139127
7422,151.22873997027003
7423,119.69329955490291
7424,100.65895007769552
7425,69.29733472926604
7426,79.29623715559666
7427,60.66272230240744
7428,95.44483243533813
7429,73.91853536511444
7430,178.06943769417012
7431,152.2033473534294
7432,150.51955629509624
7433,76.84709677116757
7434,187.49271358143196
7435,580.5039471106037
7436,101.44942746757118
7437,73.70097328012059
7438,270.9434020780277
7439,1628.8931350149776
7440,280.32484267617025
7441,87.63381724417492
7442,192.83708534597966
7443,71.08133116622649
7444,1565.241659645487
7445,81.5788706013546
7446,160.8838396500848
7447,106.0521126193134
7448,65.58065982851527
7449,162.32528205313577
7450,49.81719296261435
7451,119.8062697094074
7452,106.32827074052251
7453,205.75803765759704
7454,492.2507121970835
7455,168.8532346217044
7456,79.25381558153431
7457,179.9538320689512
7458,191.33834842190961
7459,122.64204515831575
7460,187.7051579286582
7461,57.70686498291223
7462,147.1348139112728
7463,169.03551138626315
7464,129.876575260204
7465,134.60598104201432
7466,257.46036142540544
7467,163.6164386453797
7468,63.26438495222876
7469,87.9943114815123
7470,427.3095416136566
7471,161.72290920304042
7472,79.4145914889381
7473,198.78502605639048
7474,727.9226502256757
7475,395.0951990445742
7476,95.78603435738218
7477,225.9734783177272
7478,78.00355384532804
7479,42.64458930441635
7480,114.34968453561866
7481,140.73819026528471
7482,492.5452074251878
7483,176.94231412744264
7484,170.69841454732224
7485,266.146319048123
7486,62.74088576077859
7487,96.34059260902752
7488,242.11126182125932
7489,2484.6947876798877
7490,60.869506350594555
7491,70.69063248079841
7492,376.78323891295605
7493,625.5529029216874
7494,55.946490131573974
7495,43.71418886187545
7496,56.398384001709424
7497,58.445507411559056
7498,107.48559662744735
7499,108.28351915813381
7500,107.66706843736524
7501,155.24127115445222
7502,135.83179194807806
7503,48.05515151124214
7504,145.0415710600736
7505,170.66644043206966
7506,200.6029075582932
7507,109.59084847098579
7508,60.7864580689621
7509,558.2789043683539
7510,72.74959207164476
7511,791.3633745529609
7512,68.26530154354218
7513,160.63192053580613
7514,1537.5994305807549
7515,216.78594734900943
7516,67.0888546801611
7517,263.1121106063312
7518,391.54294505165734
7519,67.03129158370962
7520,89.97063140525954
7521,167.47020838233902
7522,182.34398013595262
7523,74.62563213822119
7524,84.98779873459227
7525,144.98116957455088
7526,256.7124177311702
7527,120.32219832878344
7528,89.19878890766135
7529,131.38921528191352
7530,140.38825438358342
7531,339.5273456629669
7532,138.33247951150418
7533,191.74135368135504
7534,176.14869818521925
7535,156.15981465639328
7536,54.51800810108703
7537,81.190068441749
7538,164.77137603760698
7539,396.59397540858646
7540,175.9732056540067
7541,120.89286604789707
7542,113.70314245658561
7543,120.78753969805176
7544,62.15953092612448
7545,143.21049328490398
7546,149.22372020521965
7547,49.79678020627841
7548,229.53378194851734
7549,66.97428102020105
7550,178.52394538009617
7551,92.04205297135458
7552,89.35257802579683
7553,51.110830307846676
7554,601.1877672429795
7555,248.24460108923154
7556,136.15259899017892
7557,63.3232483862377
7558,1463.3903681583454
7559,51.98831354023142
7560,1820.4291621326465
7561,162.3346239592975
7562,94.33332314893494
7563,120.90240986317998
7564,96.19043572083622
7565,141.63175119882519
7566,139.2282148952206
7567,52.330171578638264
7568,116.06796981975923
7569,349.3535988437034
7570,75.44428525523965
7571,143.4646906013546
7572,148.27950675862678
7573,248.08691259178534
7574,2793.7751277755538
7575,63.16610790020216
7576,49.396729562165774
7577,342.1990225315974
7578,132.0354250011295
7579,71.85453638023712
7580,200.7370705271651
7581,2526.4838466401925
7582,337.19964383728467
7583,312.2924950288751
7584,179.10162965548446
7585,44.23727186859072
7586,134.56819335228835
7587,682.3714578103109
7588,116.32019240326713
7589,157.25838529843693
7590,190.85838183748115
7591,152.5038124295256
7592,714.3263785955197
7593,547.8787330290206
7594,83.37527916062032
7595,170.31841492244612
7596,73.41071028130379
7597,148.84455188556558
7598,389.43125248792563
7599,1782.4685802202468
7600,338.91877500536935
7601,145.61868545622244
7602,307.786534587331
7603,205.45119202945935
7604,106.30392885236559
7605,60.75094178697458
7606,199.57061160426488
7607,155.55249557122966
7608,201.6304098775747
7609,64.45125450095323
7610,323.64747850689196
7611,50.34705513567462
7612,160.99541162122577
7613,70.467628985437
7614,140.30044451061366
7615,114.2706268801809
7616,363.50217647146536
7617,47.38636381937607
7618,96.73079682440175
7619,65.02553281120164
7620,225.8351869028506
7621,183.72070444064227
7622,182.365184856276
7623,170.21398824264986
7624,63.435473122175246
7625,3204.9972703766075
7626,485.615984629158
7627,360.78350144558016
7628,116.83922090278504
7629,232.49991957067564
7630,143.81367303277656
7631,160.44459799921546
7632,165.12931005646556
7633,166.88841945052326
7634,130.39660435310296
7635,66.13371376511658
7636,78.22348111561695
7637,83.81906488634
7638,143.6880021001518
7639,206.3242174589138
7640,112.61477446533554
7641,59.535258415026654
7642,195.69849975992602
7643,123.06265041521893
7644,1839.6202007491897
7645,62.607366008787636
7646,550.8062514793913
7647,324.2890491194523
7648,329.1207590888437
7649,416.7459371869375
7650,131.4726760858362
7651,691.3998138201914
7652,207.5367455144196
7653,70.9814464861336
7654,246.12796119799626
7655,107.0075627877581
7656,67.88786057691858
7657,201.50621555359692
7658,91.64775320706873
7659,70.84781232308995
7660,241.08669875687056
7661,1337.3826944054665
7662,235.68058934423894
7663,366.381627918154
7664,169.73937458676485
7665,211.41701753354084
7666,296.4976982551504
7667,38.26339694858601
7668,64.11183780851876
7669,235.06113732711802
7670,2117.531670675308
7671,292.44505622577174
7672,67.98446108588477
7673,60.17419048189735
7674,110.67942681244828
7675,45.65263314335738
7676,165.56067738802014
7677,205.1240288916771
7678,44.621054507325006
7679,205.01892921086096
7680,118.05022087594502
7681,214.9906103648119
7682,75.35995150208288
7683,68.41973635769385
7684,295.7501736543301
7685,41.93222174326012
7686,265.57302293650656
7687,53.269388916354245
7688,73.89302749645763
7689,123.11535688472611
7690,112.65485982515729
7691,329.3082488039532
7692,125.6267296675182
7693,222.9725430103118
7694,230.66487169600882
7695,154.65119911232708
7696,112.86478794100039
7697,188.53984426176203
7698,81.17634729117096
7699,175.47074062009708
7700,194.99987267420343
7701,73.2201021415979
7702,56.63194458818728
7703,142.62990386625287
7704,176.53680582661158
7705,95.11281895698704
7706,117.34280458189777
7707,135.05410816684184
7708,90.07454187944177
7709,126.68403707148364
7710,334.1806133664843
7711,469.31043698934235
7712,163.12245784592514
7713,62.86446662829503
7714,88.38840604808074
7715,79.39320287917958
7716,260.87104122750736
7717,86.24334454244304
7718,180.12711655845172
7719,179.46113856124904
7720,62.94921715210828
7721,118.86777542597399
7722,153.6343167642723
7723,174.2828070582176
7724,45.619086499788516
7725,66.90706005275773
7726,178.7448293848239
7727,207.84459545527287
7728,243.41772556267597
7729,246.4461406576928
7730,182.01383874507664
7731,136.51070683030667
7732,137.14205524163765
7733,75.68671040312086
7734,187.9856676008753
7735,279.63051356763555
7736,122.3043282381506
7737,85.55612206402513
7738,251.26447897697258
7739,332.77256206535344
7740,97.72640442373898
7741,66.38866563944514
7742,111.14560791622831
7743,661.4964128970164
7744,155.66617025845912
7745,754.1184164561931
7746,39.57195026430228
7747,205.319932946499
7748,75.32510117165542
7749,1634.5548868764608
7750,186.8888199283014
7751,68.90945322020127
7752,135.746005523101
7753,226.90414516865238
7754,123.2288043805408
7755,231.79630263344305
7756,80.96009928394672
7757,159.53694769374377
7758,241.57182162784932
7759,117.7954592021688
7760,63.31260756506384
7761,157.65225268141043
7762,110.19176878041048
7763,151.17357333047212
7764,266.8352763266125
7765,273.161794027373
7766,182.83182734296406
7767,65.73131445499276
7768,639.552791227761
7769,172.82422423994169
7770,197.86325270451712
7771,204.9550615355055
7772,61.80016355463027
7773,212.64963021593837
7774,161.37739025438722
7775,350.59668966336864
7776,221.6980257610735
7777,41.76053371937522
7778,133.454947781952
7779,218.0436235246207
7780,120.59686528983099
7781,214.97003719278624
7782,73.25027748886266
7783,131.98525590096048
7784,200.22693539179932
7785,191.48631546279276
7786,126.1028650362794
7787,222.37982156295084
7788,43.83243186422131
7789,58.76442390998543
7790,86.9195840444532
7791,62.21518426522751
7792,636.4907323658116
7793,53.7605266840113
7794,87.97086932807203
7795,238.94805402881934
7796,105.74479424478811
7797,293.7087151640443
7798,92.48293678675297
7799,242.5485997778167
7800,64.16726148073313
7801,199.63151497680042
7802,167.43091813807533
7803,157.46622808631057
7804,424.8322004718536
7805,144.39724405332666
7806,219.3624474026426
7807,101.1656045748371
7808,397.811249064162
7809,158.80263582232132
7810,48.82370710626492
7811,289.6681199908139
7812,118.50263605936102
7813,140.08158602253465
7814,223.2838846731373
7815,140.96010736863798
7816,243.16124840352472
7817,146.38674836148968
7818,70.62702358056497
7819,58.59751887879498
7820,133.65609949826452
7821,1204.0631133854886
7822,163.3401398018045
7823,127.72307464718983
7824,189.72116803186069
7825,273.8259413402657
7826,20.998263838626713
7827,188.65987245215933
7828,149.8464709405621
7829,80.81420523181612
7830,161.89087161598496
7831,241.33999399243453
7832,131.04190618597832
7833,680.4104113196736
7834,127.68374194917625
7835,139.97763709462893
7836,133.3126342438707
7837,97.08095125434473
7838,110.2867117476191
7839,134.9126669498947
7840,576.8650669267664
7841,376.4738075577491
7842,317.8102345815082
7843,123.45500442457218
7844,268.47367476789105
7845,145.22897127650722
7846,484.10522220377135
7847,53.099997466248375
7848,333.9128268760696
7849,169.8135976243809
7850,186.03507852240546
7851,41.06392639960962
7852,2044.7340993569549
7853,76.00369772312081
7854,549.4584637141736
7855,75.91665574494453
7856,139.46745861869783
7857,246.8316219149381
7858,264.70582662939216
7859,334.3249819144407
7860,147.7125735392328
7861,285.2884467082354
7862,52.86747991538232
7863,213.23569529566575
7864,1835.583332369544
7865,182.66618308688464
7866,51.625328794441295
7867,214.53862129373815
7868,528.3403939835387
7869,270.662370681267
7870,143.13788910945925
7871,93.00504338379211
7872,87.9012944485945
7873,118.31824056635854
7874,203.57034078796048
7875,52.90965758201858
7876,174.89412964506494
7877,209.62075241486227
7878,277.0836685547262
7879,133.792128257373
7880,1188.6869492129908
7881,46.15704465689489
7882,480.1305839419895
7883,611.9911194760375
7884,855.9891909953147
7885,312.1653209090703
7886,128.63791574771855
7887,164.10698285202315
7888,101.74133603843278
7889,70.33602335486785
7890,61.44002874678923
7891,55.747370393728424
7892,103.87602857449231
7893,206.45492535650658
7894,2626.691538107283
7895,145.51948801767938
7896,54.96214464818107
7897,117.60755713257059
7898,71.18645395338245
7899,153.9603253909746
7900,203.4637418827302
7901,68.09633251802144
7902,202.54726802488463
7903,140.49249577798267
7904,41.46133950383547
7905,55.764573676609494
7906,135.23039449568986
7907,375.3197398088034
7908,207.08752481179758
7909,72.13877628025817
7910,56.86764143177542
7911,78.11162123441527
7912,84.76052202310552
7913,577.662571075792
7914,256.3846543627307
7915,56.47612667419452
7916,75.67365598350484
7917,70.61864589718616
7918,65.4229889911217
7919,1270.6700794761373
7920,54.36215057530874
7921,140.71670612459818
7922,35.635777756860215
7923,251.09198154686808
7924,97.44581391450991
7925,2016.15285852728
7926,148.36144678087234
7927,63.42244405708323
7928,184.1782489005526
7929,202.34476069934587
7930,486.21795350845167
7931,239.45928743815932
7932,427.28807731532606
7933,152.03229226037567
7934,106.35380236306668
7935,882.187920425365
7936,396.019082913911
7937,153.71271378750387
7938,221.23767146745604
7939,218.99500672278748
7940,244.48856564349876
7941,228.19681473634728
7942,65.67170894775519
7943,81.8255451765628
7944,72.11258803773663
7945,777.0170457097657
7946,53.37880215457982
7947,218.9070445439435
7948,62.07961369463888
7949,374.13766298245974
7950,47.658080932754864
7951,60.69392133184161
7952,561.3990632703848
7953,65.20462802852863
7954,149.9162117606495
7955,118.09632443605376
7956,142.83293231889039
7957,93.22918129088708
7958,385.8005317234086
7959,291.743044169426
7960,2042.3683040989247
7961,226.97036048374878
7962,88.53697003449315
7963,200.80435093770984
7964,304.38298571004975
7965,71.90562715776004
7966,217.5868080067595
7967,148.73885513040145
7968,162.561123750793
7969,488.5264985313459
7970,170.52025312523998
7971,133.96301536910104
7972,84.27541370450086
7973,144.66951374813897
7974,70.72388411246646
7975,71.96126826401306
7976,321.95619777255564
7977,1584.1439406102018
7978,203.13855657089664
7979,3330.207699555644
7980,104.63556820340875
7981,76.01393846703043
7982,196.03567329546146
7983,69.38232869059601
7984,78.73130538815941
7985,2854.254568711652
7986,1239.9636506461482
7987,133.92847036569782
7988,241.03434079961494
7989,340.2068902064984
7990,187.04619931225758
7991,181.25986652875645
7992,102.08247769625514
7993,242.19217385551954
7994,157.4029858773679
7995,414.09541747947316
7996,485.6245211616395
7997,89.56752381695401
7998,164.4481551518509
7999,141.0885304295415
8000,85.38332274787155
8001,66.13992470202292
8002,159.04132942993755
8003,225.78832762796188
8004,127.42890728506036
8005,178.91035110706966
8006,136.42626244685513
8007,250.14546635032113
8008,148.27000819524946
8009,196.31655647974833
8010,191.5581190632914
8011,146.10386921747394
8012,118.65910383664679
8013,138.2333006913318
8014,73.23713716704033
8015,162.06776909036157
8016,361.9140647773599
8017,79.20990719067477
8018,85.00432293393938
8019,671.8063225605779
8020,81.71080446991213
8021,34.5587168167045
8022,385.5014474701824
8023,88.83885956277044
8024,125.80164291523518
8025,186.06359997972376
8026,76.25715292796298
8027,715.988136433545
8028,146.51882503920976
8029,307.76731977994365
8030,134.9160381157165
8031,147.97850679553227
8032,109.42838307794959
8033,48.87504406874302
8034,49.65130125647704
8035,53.44162975845993
8036,197.60615295732933
8037,85.5750700696121
8038,336.8888760229327
8039,184.49123797642358
8040,172.65976280495337
8041,613.0256020447096
8042,72.48732008375903
8043,65.47307231768026
8044,37.580402749873464
8045,234.6007263615586
8046,158.79758984944212
8047,53.53644698562156
8048,174.09082892000822
8049,3040.0749566580034
8050,188.711930712199
8051,263.5561490501587
8052,172.73135328665714
8053,304.95058258559186
8054,880.4771164866705
8055,94.14783640178585
8056,83.10037077883199
8057,113.91758808309214
8058,81.83384096875608
8059,74.56638681024667
8060,65.96802454572666
8061,157.03192896676168
8062,150.45060324799098
8063,200.7689390595655
8064,46.826181521410525
8065,168.37400067188835
8066,141.5069694379496
8067,86.85570054328217
8068,209.70448459398668
8069,71.32206980565616
8070,176.88785296087906
8071,98.83214827575345
8072,539.2967167299249
8073,73.31358775939093
8074,66.599192008645
8075,212.45048903274687
8076,1741.9534201286738
8077,158.38624559029947
8078,431.5011380608831
8079,136.82756550448565
8080,384.51418460507165
8081,62.2874588855124
8082,84.83825999878746
8083,59.34282472075305
8084,71.38963627348726
8085,115.09315826953518
8086,123.08913292239077
8087,126.79392040696455
8088,378.5740612168931
8089,77.59049430255548
8090,130.30380748895456
8091,165.63740423470344
8092,77.57770696058601
8093,127.47263839071513
8094,124.72381921248324
8095,63.937853905564914
8096,102.6172757888276
8097,153.79116630425682
8098,72.68961753525669
8099,255.66168616157628
8100,368.57860231179467
8101,133.97937204224795
8102,56.63048456824064
8103,1722.6269938438543
8104,628.7743325269778
8105,136.7638961730855
8106,1379.7352813343443
8107,181.6675190123767
8108,119.79413553102553
8109,55.894921045736034
8110,58.15851522369277
8111,286.6832283560562
8112,57.619734581424886
8113,58.31312602477508
8114,68.56884681390497
8115,64.34850744773111
8116,283.3521791221085
8117,232.54189121750073
8118,250.47041066494478
8119,76.71397110575346
8120,98.18716015821148
8121,1474.3709298839174
8122,269.7281710354385
8123,80.42215680933826
8124,60.495305241134766
8125,264.96005366109307
8126,67.7924126776797
8127,204.89479646425465
8128,108.64089223323752
8129,493.70274801989575
8130,163.47430792644397
8131,170.50690056182208
8132,164.14457558670964
8133,50.6803389263951
8134,445.5471127202254
8135,138.8389650028887
8136,243.86629451976214
8137,136.80703996833685
8138,254.97077584802608
8139,242.3295984586538
8140,220.86857264396966
8141,312.1162076575749
8142,60.70508772779434
8143,143.31301970490372
8144,157.85168761510496
8145,105.55808967640746
8146,146.13208250646494
8147,750.8289596221072
8148,93.13234748037223
8149,148.56109295347864
8150,143.42749416405448
8151,136.07783715027827
8152,90.18132622856017
8153,376.979780793934
8154,444.5488810316258
8155,144.03954881642724
8156,173.53397005924535
8157,55.42097246817162
8158,128.7717580400325
8159,202.85152290911424
8160,138.49819741731395
8161,97.39503616415027
8162,76.00698724411829
8163,191.62668453785196
8164,106.98699637318025
8165,109.41596296919487
8166,129.43431365248156
8167,237.7047302066131
8168,95.20264828327085
8169,80.4948820813716
8170,206.31628940687608
8171,83.60853195238624
8172,271.97826188342407
8173,134.89304571744353
8174,145.517750830524
8175,110.74128547911748
8176,166.88450202708654
8177,71.66191268210244
8178,136.9953081437121
8179,73.52094918798316
8180,180.00498744522426
8181,49.4033994418299
8182,64.34020684113975
8183,51.39460214260428
8184,17.47559005027149
8185,201.5643097719528
8186,49.34475698633577
8187,243.28651742429352
8188,74.40113366600738
8189,37.418446177040344
8190,46.87659994413493
8191,193.47780927254357
8192,202.84379429491833
8193,137.47878070858118
8194,1209.2936433649252
8195,90.28657018440505
8196,789.9603752810434
8197,194.04747581085076
8198,696.7586920276094
8199,1718.3730554453045
8200,235.37985112190097
8201,68.91718241318
8202,356.62990732581903
8203,655.50783274151
8204,219.0466569343099
8205,63.390257384089836
8206,139.86256611244033
8207,177.22585126876675
8208,280.83369753791186
8209,238.6932710228219
8210,418.9596852399063
8211,213.1750661586789
8212,142.2928014125266
8213,91.26488994279809
8214,101.05112856148628
8215,199.5345990271567
8216,257.1647099461631
8217,211.98291192351095
8218,152.87057261262626
8219,67.9274579676213
8220,138.3816269440922
8221,163.5557104022799
8222,385.8985593366524
8223,60.859315656787636
8224,348.0341359266336
8225,84.55436786345449
8226,159.51666953044645
8227,356.0406694639443
8228,128.830600595814
8229,272.1800337636626
8230,265.85607100966547
8231,300.44539993460086
8232,149.65008928179807
8233,147.07931636669446
8234,161.9003910164001
8235,51.83945961686772
8236,277.3105724303353
8237,62.646087209261225
8238,545.7631787002982
8239,260.5999066389981
8240,1481.1595570207598
8241,139.7599474317465
8242,74.48768240066074
8243,178.65657291006877
8244,206.60502044062903
8245,135.28985760911365
8246,69.96171609483322
8247,119.1176740302523
8248,145.48495558519303
8249,56.13047155616099
8250,267.3586778274356
8251,85.73951046462382
8252,125.05778768262519
8253,66.1286461434203
8254,193.97994040436728
8255,240.0343940723242
8256,190.99524733527687
8257,205.50570364349412
8258,572.4064515406506
8259,170.93998300578141
8260,203.6065614162145
8261,149.23694918975426
8262,187.10290334862427
8263,106.42032930028957
8264,161.88952941000926
8265,59.0820740553472
8266,49.6135063819936
8267,54.65049932876661
8268,161.42737612269931
8269,188.42400120201094
8270,261.4253382005196
8271,259.7652506979693
8272,130.81858489781936
8273,122.56117913809227
8274,369.6677613693271
8275,91.52932656790243
8276,76.70467618086097
8277,184.18667454452313
8278,214.32651537833544
8279,65.33318241281142
8280,159.85209595389878
8281,271.16921098195377
8282,61.153763414666265
8283,60.97803592570088
8284,293.70432062177764
8285,163.85081078879895
8286,81.26415186900704
8287,67.32315289958102
8288,197.91123576306111
8289,158.46870107144176
8290,121.53829661499283
8291,474.72114560826816
8292,177.35492703095528
8293,244.73923161703203
8294,834.0535517992244
8295,75.30563828612132
8296,217.61684860469725
8297,117.64152885037123
8298,474.28088035677257
8299,197.2598118731803
8300,399.37970238015873
8301,106.02453869438438
8302,228.83249222555483
8303,167.22414111542798
8304,165.29326067451123
8305,665.9877948755178
8306,518.9591901186159
8307,165.46475543808285
8308,94.3191928696668
8309,57.12358050399765
8310,180.4029635190664
8311,174.65030000864343
8312,146.8246953931746
8313,1233.890786170908
8314,172.60056819790069
8315,2288.4678918023374
8316,163.74163671476396
8317,1462.1947102520553
8318,131.71437263102496
8319,108.08098559590019
8320,162.6259744532944
8321,86.00624161546334
8322,110.68276643875801
8323,136.1358797634549
8324,189.19823413719644
8325,80.40980716284184
8326,213.53483968223534
8327,182.44064550933956
8328,81.20207493294872
8329,24.49364638393352
8330,184.99680245801667
8331,130.4108053439555
8332,175.92430884462237
8333,130.05231873460102
8334,99.12458682629904
8335,186.89658677321677
8336,166.91940009543163
8337,209.1282807017893
8338,1272.2392516101504
8339,66.80914450549608
8340,129.6042385716305
8341,197.97229357268384
8342,2706.9123095022524
8343,71.94077317160732
8344,156.14468680067094
8345,166.74961317610118
8346,358.9230173695459
8347,138.5402101280553
8348,229.05259784810724
8349,2354.978663980259
8350,227.888189385435
8351,1733.161183279451
8352,55.505032051663136
8353,429.04652016239964
8354,169.14929986820155
8355,252.47767026473858
8356,75.20954955098925
8357,165.69389511265283
8358,161.8970192992536
8359,175.43261619356437
8360,551.8138035429939
8361,158.5338544709686
8362,527.8284772149806
8363,63.92661187790886
8364,166.9995320731156
8365,126.88998162952606
8366,46.54028153209766
8367,291.2596193400823
8368,134.35712759018833
8369,155.6374166598097
8370,76.82628162417153
8371,64.9041656786542
8372,173.97700983763335
8373,166.389491584524
8374,546.5626859148235
8375,71.79923136287915
8376,368.6887749412711
8377,196.37460429996202
8378,217.94049776276134
8379,360.7353670791965
8380,388.8954886619351
8381,52.197234610125825
8382,184.9374087197502
8383,108.94575449012699
8384,75.86573265552204
8385,240.31277148505058
8386,79.08711020180479
8387,177.67045681600288
8388,147.80017298764665
8389,109.00129097061536
8390,820.936162349246
8391,222.09530365002936
8392,52.44937953007223
8393,571.2937928374399
8394,64.64870253663227
8395,273.74919110523575
8396,453.5525221733407
8397,177.29261874869954
8398,66.65466532285517
8399,129.943394964799
8400,82.10264401838946
8401,183.4627349468071
8402,188.936825625467
8403,139.26687912969615
8404,120.0927648786527
8405,63.11418465554311
8406,136.4517527626917
8407,65.62093684205912
8408,158.87778047059362
8409,138.37876826632785
8410,171.1815602650745
8411,59.720536017611494
8412,129.95344284323954
8413,1438.3059692242614
8414,115.81635189564604
8415,2029.310877023905
8416,551.9345949218965
8417,215.684868998149
8418,107.8750603762797
8419,123.52973852757451
8420,68.8496815234312
8421,188.2598012817148
8422,184.21277484544768
8423,291.9925382772047
8424,56.12244990186565
8425,244.26414662069678
8426,53.372058703633
8427,63.720295496069205
8428,162.44045248912275
8429,651.9300414604329
8430,102.57626429138564
8431,15.282957459476256
8432,164.24967281403067
8433,138.81006967745844
8434,146.40579772670336
8435,86.04083669273241
8436,124.54413902938545
8437,441.08418208299213
8438,381.0601414995196
8439,56.81840382057626
8440,131.10522689404857
8441,115.07431074694023
8442,265.0836648329665
8443,289.56342539377675
8444,353.4479775225098
8445,171.20767565017164
8446,285.0768584669374
8447,59.220796244534775
8448,55.49260466173991
8449,202.2813334812389
8450,62.24586881407097
8451,73.26923886123718
8452,154.86883240541155
8453,170.6447939761882
8454,50.17431001586806
8455,157.6480875189969
8456,75.60914962573288
8457,91.79801562851272
8458,114.45110881187587
8459,107.34980641389302
8460,116.22325291162373
8461,135.54494817983894
8462,27.121004869367425
8463,2448.7947822261503
8464,156.48844116452656
8465,98.90784678818984
8466,200.7210144677364
8467,284.1119177072057
8468,41.7847079506964
8469,243.2667677998285
8470,37.0086918767038
8471,113.8552724910768
8472,144.39390325465777
8473,41.654324510772234
8474,183.16094750053813
8475,92.85880892594622
8476,110.56152029241828
8477,55.955274039021106
8478,69.72841404095954
8479,449.386208415011
8480,54.183245486215505
8481,123.43968396065327
8482,222.080401365528
8483,74.39999900237588
8484,69.63143707417383
8485,82.34967452003843
8486,178.77910055675306
8487,341.0592112524568
8488,157.8509355705548
8489,142.60899993208577
8490,57.26220777001083
8491,57.24979467391008
8492,103.72181889396059
8493,1451.069467039495
8494,101.40485836364564
8495,53.63374646857634
8496,220.90691223446868
8497,49.356401696286206
8498,163.13223861220425
8499,53.95038908248714
8500,108.12734585908511
8501,222.22438278608402
8502,239.30558454314095
8503,60.764217915974314
8504,142.08630796071193
8505,124.55868508554993
8506,315.211257899593
8507,94.21941411300595
8508,36.22206225576239
8509,205.74104564731093
8510,99.50681152738906
8511,63.39247801903334
8512,191.99713826546053
8513,57.14351882060172
8514,131.73571931278522
8515,88.91958270067829
8516,106.14113079792192
8517,333.8506795878998
8518,129.83592727792833
8519,250.57678904112495
8520,276.1041608411816
8521,129.07304756113308
8522,54.44947436419708
8523,286.13556128377695
8524,231.87321127525607
8525,155.4067077867991
8526,84.79522675129485
8527,339.41994724129205
8528,40.969369065153955
8529,98.70938910028185
8530,47.39683496513401
8531,269.9450522900152
8532,229.30425946151192
8533,186.9322739632759
8534,38.38375498148128
8535,59.70317914767617
8536,185.09057755659683
8537,509.9078336211821
8538,518.9148066545594
8539,117.31294664162029
8540,155.62970403146076
8541,157.88932526259504
8542,21.926255545306333
8543,156.86437358106576
8544,111.75497709788209
8545,94.77264488994695
8546,119.59465663728106
8547,58.98281797824583
8548,68.0901055028756
8549,90.91901461857124
8550,95.48514903078787
8551,146.75585293682477
8552,245.68124088297085
8553,139.32205334795017
8554,137.25280289715454
8555,212.42590861162202
8556,138.51793801104859
8557,290.4946548589337
8558,191.78747919425533
8559,185.81255613794534
8560,155.46263839466357
8561,134.02675117115336
8562,559.2771620857753
8563,244.3837900925021
8564,542.9418278753502
8565,218.96230380126278
8566,247.06855556150006
8567,100.4700529842097
8568,2307.5376458634005
8569,158.5642648787411
8570,52.96447744350396
8571,158.41576004543285
8572,234.95861564465451
8573,289.43360239980535
8574,133.04904298795086
8575,33.74326852938115
8576,48.57122784853271
8577,175.61237321352777
8578,175.11497361653673
8579,284.8261277051106
8580,267.02539095821925
8581,235.06662215030642
8582,282.4067498289913
8583,156.53070991685823
8584,66.48425907217367
8585,276.5189596462216
8586,68.41494389721235
8587,96.38612018144208
8588,702.3936562125264
8589,110.08043376904895
8590,55.59545996772861
8591,182.53628656808235
8592,162.5324521513377
8593,295.72809919531284
8594,177.68648825759408
8595,373.0553202199519
8596,66.17291538501816
8597,206.81553365342756
8598,62.180514958584844
8599,201.94040178702156
8600,63.150110963332054
8601,135.527279730991
8602,473.57279223478025
8603,195.38325928303414
8604,96.95773854797515
8605,452.71069356230436
8606,203.79105989301308
8607,196.05758991784498
8608,1401.1640188058043
8609,347.0405295082025
8610,163.0076784765524
8611,273.27129918929217
8612,56.29360487902111
8613,189.82732183555592
8614,195.0532434373423
8615,679.4644270661573
8616,46.29738562327345
8617,105.8891864741439
8618,88.29342130759058
8619,56.12207988826125
8620,52.05027063737509
8621,134.83990273932432
8622,126.99849792302734
8623,109.1812305980596
8624,106.23699718292039
8625,68.72866460550199
8626,470.0810497692501
8627,43.71278820308411
8628,147.60040046400172
8629,25.557676636453973
8630,86.98969192452408
8631,205.05357290603288
8632,58.77664705015402
8633,536.5404341114508
8634,123.16504921118637
8635,134.25981620926237
8636,247.59029181585512
8637,121.41504068169188
8638,427.80950642741846
8639,67.08480678842373
8640,153.1559814203464
8641,90.18750774447439
8642,66.75866865482921
8643,66.5652830813771
8644,56.57664135003293
8645,539.7814804112681
8646,82.46702314069616
8647,64.44458612673606
8648,155.60095070525577
8649,107.86954727707341
8650,258.825564270192
8651,179.6654643783122
8652,218.4426095200945
8653,195.66534353805693
8654,124.01890059324103
8655,119.26872509596997
8656,74.21450744448943
8657,37.073300232495235
8658,128.43448647781472
8659,200.61017603116798
8660,721.7910415743846
8661,400.19607924697965
8662,149.280158855305
8663,221.04283747001082
8664,169.63199931361842
8665,128.65782090180815
8666,386.14531142185496
8667,114.0064654909199
8668,41.200086955661995
8669,324.23676573605013
8670,52.581167887592066
8671,83.60927288208674
8672,101.34132028065926
8673,62.50943441756618
8674,214.6261612323303
8675,56.1373263827904
8676,226.07941865585215
8677,284.22853368945863
8678,109.61292306803527
8679,556.6271836925615
8680,66.93797987888634
8681,164.34648385824872
8682,120.15721390381931
8683,373.97150934674136
8684,213.40731652680742
8685,76.9921341938735
8686,70.79102308807376
8687,131.5852256034474
8688,184.71445890056467
8689,89.2818135930439
8690,69.98122812003017
8691,616.7870454435578
8692,54.153232812732846
8693,47.317062266067275
8694,280.5150117255146
8695,266.70157037803733
8696,52.16070533572424
8697,319.78765370678747
8698,131.18793568314814
8699,60.87415399742705
8700,218.56556108066752
8701,124.10607777039938
8702,178.6036644839155
8703,156.19757683700877
8704,116.48320797509439
8705,162.10969134979126
8706,59.92212462194109
8707,123.6396430517981
8708,167.60153850877165
8709,194.91221788825473
8710,116.6496235083867
8711,189.8947595166721
8712,67.46437908214136
8713,83.07238218558791
8714,174.17939908746018
8715,356.7096233097723
8716,241.67693314574862
8717,98.58994442746727
8718,172.52325165217857
8719,44.11116485584708
8720,191.270598267359
8721,442.91173574543177
8722,256.04605549816637
8723,139.95265374246918
8724,207.1529919123783
8725,73.2841737556851
8726,54.65529725572077
8727,96.83581023994778
8728,249.7342820457044
8729,404.8516590542786
8730,119.3238583059527
8731,79.84518887559203
8732,192.69224834554566
8733,47.763053608819256
8734,126.88240745423172
8735,69.61863514530431
8736,249.4892663723003
8737,77.41015707852519
8738,86.3282619474038
8739,69.46848266001531
8740,130.2229496423308
8741,244.84138529961194
8742,450.4019655884492
8743,132.58717217406664
8744,128.03036654074432
8745,385.3418985760654
8746,224.628540285806
8747,179.58778650004317
8748,93.01663848816536
8749,169.69751792582804
8750,119.59469139692845
8751,71.21626510155457
8752,69.21309652608294
8753,45.964803233359305
8754,683.8553987631781
8755,203.5884795236913
8756,535.4004892332296
8757,2541.8917019881983
8758,330.9479183357543
8759,51.66565736405544
8760,767.9062931026584
8761,195.8791359365025
8762,192.79819639788775
8763,54.735955936940144
8764,49.97010929363926
8765,199.01884100191714
8766,53.71495128168572
8767,317.10804544170827
8768,19.260598987945226
8769,209.87486972677019
8770,144.44315461884435
8771,97.08457198127552
8772,123.26945673485443
8773,55.920327648581065
8774,118.70419688737299
8775,59.858308866180444
8776,198.0140973429135
8777,120.49755995284785
8778,601.6428312964043
8779,124.89983880447767
8780,410.7823910411665
8781,110.48531309407106
8782,82.83439341776189
8783,137.577932567616
8784,164.8531212008011
8785,77.17015752273907
8786,79.22697133029207
8787,93.7725395312912
8788,168.4071408122006
8789,164.20609237162805
8790,64.09153561789957
8791,122.48868093161603
8792,1175.104484050269
8793,686.0121311131447
8794,490.29879172976626
8795,98.55831715557257
8796,142.77037057082046
8797,58.209308380342065
8798,61.48938227450515
8799,129.869426908051
8800,136.63465254636913
8801,182.43933448628647
8802,793.9055741028105
8803,67.77594781297843
8804,133.92236862074063
8805,298.359252714627
8806,134.0212372537698
8807,73.20784693194766
8808,156.93914672194055
8809,174.3131759450823
8810,150.2058217391308
8811,351.9420172293665
8812,345.3887571958512
8813,704.3182220187515
8814,149.16958861247372
8815,58.706442950375596
8816,670.7046948737976
8817,1296.2200097532839
8818,68.07001173027008
8819,103.10987260720488
8820,169.16354976763577
8821,102.60269950720162
8822,130.06489127916848
8823,719.1110236187519
8824,81.8750378169765
8825,176.80608840456003
8826,137.6980254102599
8827,46.135051550427725
8828,253.5651868406587
8829,352.94731520397164
8830,146.1558019431402
8831,103.30915131431902
8832,602.2918416464737
8833,279.6061637595578
8834,262.10280922175
8835,179.7038661105903
8836,63.371370357186414
8837,58.68735559487042
8838,79.64884743898325
8839,272.85161465545025
8840,140.6513631376857
8841,242.48281204292599
8842,145.6034604794493
8843,148.18456572903406
8844,62.7239803034816
8845,187.00248970529688
8846,95.41880081383795
8847,88.65636244772101
8848,86.54802500103925
8849,135.98745867302569
8850,95.01116439232555
8851,197.09458212125415
8852,319.2942450533972
8853,103.55403419296765
8854,149.84551194597444
8855,159.12946938791396
8856,65.34181513122162
8857,307.31617618843
8858,247.14823955480188
8859,108.99100435573617
8860,98.95561992715626
8861,67.79183910405762
8862,377.94361344957156
8863,113.59141961776606
8864,369.91785352313764
8865,196.63126049474343
8866,218.44787332328076
8867,318.4853541959339
8868,134.93699045865628
8869,43.4764986221086
8870,825.1951696558484
8871,187.08864787854668
8872,90.09565572748973
8873,116.75402280842373
8874,73.06524385985406
8875,161.82770754451698
8876,71.03099206618316
8877,184.75071385054534
8878,236.61620917359528
8879,290.0262516141977
8880,59.27322437080168
8881,328.8441622213498
8882,67.23379973108159
8883,108.13873380171775
8884,84.91112319366762
8885,38.98069924111994
8886,223.59519457756858
8887,66.75315792728252
8888,2009.8188056377646
8889,159.31273093974886
8890,208.3131154210357
8891,102.27115102556202
8892,73.47604999350942
8893,314.5498252787864
8894,237.8910407815446
8895,37.88413952566622
8896,97.91448046124977
8897,56.0414279092366
8898,72.76783698429111
8899,167.27090695436357
8900,56.866574625471735
8901,226.3309741583712
8902,142.03097189153243
8903,160.53832387017508
8904,412.90497677323896
8905,350.9942330240542
8906,83.59660107332404
8907,144.91557495539456
8908,82.90455800104199
8909,607.672999852167
8910,157.39490873639417
8911,188.41226754272896
8912,252.77829215261067
8913,453.5624066589659
8914,38.41562531704549
8915,356.9070173818059
8916,1455.6841740388286
8917,599.5619722250395
8918,139.3683615366783
8919,151.25337611527058
8920,51.23846267305328
8921,27.83366978600772
8922,174.67569444444408
8923,220.12854214646552
8924,127.00992424285585
8925,555.5477482510345
8926,442.76255894263477
8927,77.8721284427718
8928,117.94471896417167
8929,266.75639042675886
8930,407.89746037781396
8931,66.8717190450162
8932,87.82819646493341
8933,144.88339068929278
8934,92.46112003443909
8935,94.9508482097127
8936,124.61835085269327
8937,185.35719427532123
8938,42.88086496383624
8939,137.0470617182502
8940,556.6404732482936
8941,133.800373445227
8942,52.02618243083905
8943,210.00514897023444
8944,189.62741652568033
8945,198.71094737373824
8946,186.36506154146636
8947,53.03061960881001
8948,1827.3966911034643
8949,148.92708179072716
8950,383.9673242135921
8951,646.999534034799
8952,72.64788070916417
8953,70.66824350102682
8954,78.9700216007031
8955,97.8760094141988
8956,85.93612495847123
8957,552.3050959524695
8958,54.28320356569981
8959,196.2351081264309
8960,101.604512005567
8961,141.49715158498068
8962,179.90682232795064
8963,146.19212981700403
8964,189.9481942014668
8965,615.2146955642955
8966,81.93589504656501
8967,210.03971698361423
8968,624.2056700574026
8969,271.89956182723625
8970,272.73466331530454
8971,68.0660434142443
8972,94.6285993739911
8973,95.23654033457213
8974,82.6518868700898
8975,62.818804731110305
8976,97.76924152692577
8977,75.28504122493494
8978,125.56661189121219
8979,236.6673020198842
8980,67.95565797044591
8981,343.0213147477211
8982,238.99107851619922
8983,110.43327534839109
8984,187.7674662253464
8985,232.11160366288706
8986,157.81996927300295
8987,75.25014790684749
8988,120.46451770521777
8989,260.7335693613275
8990,140.20597519111627
8991,34.365096985144426
8992,349.70308694034276
8993,168.6368320355714
8994,162.06155604519242
8995,180.9829516431555
8996,118.10016010894685
8997,244.86889452145545
8998,244.08470276091876
8999,511.6093167108957
9000,199.3917284015131
9001,146.85415971753585
9002,155.38701477648212
9003,1493.0242991129414
9004,63.72726758845473
9005,60.31509298818212
9006,146.33996621934696
9007,140.5688226764107
9008,164.32334670830252
9009,145.1510811391088
9010,197.4755619060545
9011,59.03361004479843
9012,145.73824343061207
9013,108.4925466265643
9014,136.95044781101743
9015,155.11640893350534
9016,132.9226551274669
9017,58.8016241552244
9018,178.12455637098057
9019,66.08708581252664
9020,597.9676461610501
9021,638.2548526220811
9022,154.99072326113233
9023,252.1449735507371
9024,60.233324924269226
9025,36.25731730916505
9026,174.61401234313465
9027,66.21534954684847
9028,3.5132823706416
9029,51.756536118734594
9030,70.03566398003413
9031,66.7133698666655
9032,133.71778407806167
9033,373.1259024101634
9034,175.76612168560743
9035,57.72781540475276
9036,270.12739141755486
9037,140.7677859911823
9038,156.74327572818876
9039,88.02946339489068
9040,323.2389286356765
9041,93.17397259995477
9042,669.0576181206683
9043,2247.16026002038
9044,116.035618409239
9045,82.12131283299513
9046,137.74538681593495
9047,166.6755440007753
9048,416.0220828187721
9049,41.18475329330411
9050,459.6260886527278
9051,191.11764363038435
9052,59.48183566238517
9053,796.6613734117909
9054,139.75009482018444
9055,207.04805902669352
9056,541.7561805857507
9057,184.96149293932908
9058,110.74749074744751
9059,731.9277756400035
9060,767.818185462907
9061,78.58727406428886
9062,166.13105257107733
9063,92.68121836178835
9064,336.7991321640047
9065,94.9164892545477
9066,173.49678424616673
9067,159.07912594885758
9068,895.5403086009151
9069,148.09727858571333
9070,117.75390321561974
9071,186.06418350664046
9072,78.30433511426844
9073,84.1328249711993
9074,84.79290348462796
9075,50.00053396537752
9076,229.98632694909142
9077,459.11738407926845
9078,46.227129998628534
9079,65.90320000533934
9080,77.09446327273338
9081,68.10999107105546
9082,61.189580347151825
9083,60.64068063233001
9084,35.07129545933274
9085,103.09256338279577
9086,96.41116850506097
9087,108.12722114417174
9088,218.0615582900376
9089,43.22935092647253
9090,157.8032252546674
9091,48.16162341752355
9092,55.67061245140565
9093,609.8074473917494
9094,62.652156711481155
9095,180.67167997730323
9096,128.5649442162172
9097,332.1122360256987
9098,180.1192907835297
9099,178.47623395007432
9100,105.1346456378838
9101,72.42193001314807
9102,220.33556577555393
9103,141.3875957082778
9104,143.2020747986618
9105,722.0421281187647
9106,137.8560497041477
9107,92.69303642759921
9108,137.38669461187715
9109,85.4290794647444
9110,61.30746354201895
9111,51.7067202139157
9112,35.18305010734064
9113,418.82881830366165
9114,85.74254989943915
9115,110.03629379269505
9116,119.26806167984061
9117,334.3320035239682
9118,33.588847345469105
9119,536.1015728563082
9120,66.60567704545089
9121,56.47848253383521
9122,45.32842762622519
9123,162.41899867627558
9124,46.83906523112625
9125,189.79673091654035
9126,393.49442622092806
9127,147.17309264313513
9128,178.02373102837734
9129,222.13467816326568
9130,61.01847670004835
9131,184.37187665968202
9132,167.96174109638721
9133,269.07530180639884
9134,98.26507903104603
9135,703.4353918342882
9136,455.3345968915098
9137,170.0055254211487
9138,44.48890073376188
9139,212.24214365733485
9140,82.32391385083726
9141,177.64761659913606
9142,243.55454849466244
9143,124.12205590176966
9144,178.50148509027784
9145,724.7098740156125
9146,47.86473272302166
9147,116.45401139368776
9148,154.37004968832193
9149,76.53353839516804
9150,248.30591656362097
9151,424.32388998670564
9152,95.87756792382704
9153,62.78881339945614
9154,137.83933410454893
9155,153.44709225323123
9156,212.50500944495957
9157,66.07146306272345
9158,61.59890363920965
9159,234.8014957627167
9160,62.0322586261639
9161,55.11378901745695
9162,441.7735254316787
9163,113.50999881917487
9164,195.70482489885364
9165,159.1832942712097
9166,76.29564100080144
9167,175.53992745032954
9168,138.5126375128643
9169,87.35320555646946
9170,73.48946507998484
9171,83.52272006673907
9172,153.49193951893054
9173,514.4909952567376
9174,3248.935047997801
9175,127.46705292661477
9176,82.12122121174376
9177,681.3521479431208
9178,63.77231521063419
9179,45.318437589084944
9180,107.3858959998031
9181,60.890339268051015
9182,119.99460561230855
9183,123.76534770074234
9184,279.798041513417
9185,93.86494946160526
9186,51.51249955600182
9187,55.97545399165523
9188,189.44258842202433
9189,401.36830312721673
9190,65.85266384142338
9191,210.4052599235996
9192,238.86710915279272
9193,173.56565922480357
9194,129.43865357556402
9195,147.01301207653293
9196,108.12171512399624
9197,152.2527597918611
9198,52.2373785763113
9199,172.62294504508642
9200,50.217792278384
9201,170.54731395840705
9202,109.53578584761506
9203,153.67001798223103
9204,37.265501350272224
9205,472.957443481731
9206,484.42262652438785
9207,229.57129019917105
9208,1657.860196784798
9209,334.76795110156786
9210,149.43129124613037
9211,1209.7195757057698
9212,126.90384622617326
9213,325.4519345698192
9214,247.49574400021186
9215,123.41538604516977
9216,72.47778443389988
9217,74.29797177483697
9218,102.35519464327673
9219,88.26672306866885
9220,36.399707244406216
9221,112.08644519776317
9222,113.30846676056137
9223,343.3627633983121
9224,71.26796434258526
9225,168.25721786490902
9226,180.7108296744841
9227,112.23817464109091
9228,143.17036757416992
9229,43.559973181799215
9230,162.64084335797455
9231,31.92762474953842
9232,131.37826063144766
9233,401.3375919858734
9234,70.78172533294814
9235,65.14852045484074
9236,504.65911214925063
9237,146.40109343046223
9238,180.93731177547247
9239,23.156943370520043
9240,442.5926191972948
9241,142.60695038592903
9242,96.1611861497344
9243,50.05213636141135
9244,150.70596133664444
9245,52.82992948311891
9246,366.33264176784996
9247,120.54507330591498
9248,126.10321184612975
9249,52.60213370187088
9250,175.3119122885421
9251,182.54666700369845
9252,241.28396555988616
9253,419.14419605541167
9254,238.5155302833606
9255,75.31240224551185
9256,64.67385650589041
9257,269.62706927958715
9258,106.43438931683956
9259,43.988490380460014
9260,232.51320672490473
9261,297.3201142208904
9262,397.32592077821596
9263,135.63159147265776
9264,67.41414687861327
9265,122.27766329801325
9266,565.5088503532696
9267,1468.2886109868248
9268,520.4725849319481
9269,124.89120710552866
9270,199.52883141618784
9271,282.3302756914222
9272,101.80936321631508
9273,442.6254458178301
9274,70.73545887554275
9275,39.57202890328728
9276,47.11273887236565
9277,37.890622683239705
9278,69.52602309571975
9279,293.49572801812025
9280,149.61769714686463
9281,244.31463742148455
9282,146.0123000743804
9283,409.55526157184414
9284,150.0252216130277
9285,73.94783291737562
9286,86.75587516198622
9287,80.7891418256603
9288,99.2305778815507
9289,67.78359180434126
9290,49.83112707741454
9291,123.61535367629831
9292,338.4380689982384
9293,67.00526477333837
9294,477.5525632394617
9295,51.87278038282486
9296,198.69786312517593
9297,72.52636946907356
9298,349.9013596175887
9299,183.80326770491402
9300,168.9774486534582
9301,146.14771415267515
9302,312.44330869206857
9303,69.90542487863138
9304,66.46755357566933
9305,215.80125903874514
9306,296.55993850357555
9307,126.74340984368114
9308,127.24293383131089
9309,152.484012173133
9310,156.99654474266038
9311,152.82152025350345
9312,211.80351974690805
9313,1415.9448662760594
9314,96.2202037988087
9315,47.50317405578948
9316,463.02033515161673
9317,1601.9048941485391
9318,146.01761762254736
9319,202.72373571135688
9320,68.25668972687212
9321,555.0879539492204
9322,132.72900057477474
9323,84.34229984496386
9324,125.96585665192322
9325,169.57334306954257
9326,172.92491958114894
9327,378.7346329832639
9328,101.09233481976355
9329,142.2474258122518
9330,85.7417589802082
9331,90.81829575071895
9332,127.74736063032411
9333,128.77299666028048
9334,74.03927570801704
9335,76.6447607139595
9336,174.36053456606513
9337,227.02522054139828
9338,60.52371112712094
9339,106.00958956625163
9340,1754.804197909353
9341,105.12309543908724
9342,424.78833083256944
9343,400.56626258194206
9344,112.48732835714759
9345,47.83902075190213
9346,77.5942770816366
9347,257.9165749757786
9348,162.78807008764696
9349,126.5699396765707
9350,64.01042095577685
9351,110.88591528757787
9352,167.1087835927306
9353,224.68257050965977
9354,197.65922871486313
9355,345.9813555801032
9356,70.76374718889163
9357,199.98307572870098
9358,680.5724896108013
9359,249.97030296820617
9360,204.48589384916804
9361,204.18610896885716
9362,237.87128200623133
9363,55.120241087842125
9364,103.72205083423371
9365,213.0856597426717
9366,119.14177275239236
9367,303.85198733978297
9368,142.37234852968902
9369,192.27373923013965
9370,279.71142891207484
9371,113.44514016852963
9372,170.0772262752454
9373,68.22311533179052
9374,71.1401840328098
9375,151.53382077504077
9376,231.5883035102678
9377,228.79154877660153
9378,211.2373972823432
9379,74.50957556673045
9380,343.66035148407445
9381,54.351789916936916
9382,56.90419469064303
9383,71.9471159817417
9384,177.3036412599604
9385,66.33954243625483
9386,135.13604397100914
9387,273.0363968018517
9388,179.6705688523823
9389,160.44063002473692
9390,126.02975532665268
9391,56.01294422586577
9392,60.04904855601699
9393,97.29354906384219
9394,54.77613989265899
9395,43.502079449377625
9396,60.160938880301465
9397,174.27605780524718
9398,470.9626906226975
9399,391.63451694076986
9400,120.16467580825872
9401,111.33828180376766
9402,135.8977905994211
9403,146.4651465844207
9404,190.09994588014186
9405,142.57029429755937
9406,104.04806813213655
9407,179.09081551442569
9408,110.9015218416107
9409,145.87277384645918
9410,65.81219229608199
9411,1302.3528347034267
9412,61.48656304509353
9413,695.2943259565897
9414,137.24604511899722
9415,75.6031380717906
9416,64.63653651451244
9417,673.3870918764758
9418,249.30216737931116
9419,63.42401942484829
9420,182.28495970107906
9421,201.82005498798597
9422,375.1432433323335
9423,326.6597959561073
9424,160.76974761199685
9425,176.8067365629046
9426,58.21480811227892
9427,240.68969535971658
9428,130.81844828312842
9429,342.7752207741821
9430,68.7774291090212
9431,481.39734348089655
9432,174.17525880678465
9433,155.59166822487546
9434,53.85274075196465
9435,137.68187668134522
9436,116.15919840310664
9437,79.6941595669099
9438,64.77681111183276
9439,122.93225911365641
9440,79.88144144541664
9441,191.4387710765519
9442,88.5695804831668
9443,436.6183590289443
9444,46.542544353450296
9445,82.47760720703258
9446,68.88195266968533
9447,149.41555068513688
9448,64.08709771188948
9449,140.8660943949828
9450,249.7772319762339
9451,167.04305765484602
9452,77.63102677848003
9453,706.7179574539583
9454,154.4531594846065
9455,592.4828997070236
9456,38.81025301726739
9457,553.4643073069749
9458,153.80440529255281
9459,65.44697096221738
9460,510.81867368104196
9461,99.77865701900714
9462,118.75732244348494
9463,127.7843928578302
9464,142.02263916416976
9465,56.874056652941
9466,143.6410385262174
9467,130.49951475312318
9468,512.7300121155909
9469,72.09200225520173
9470,66.99202415469284
9471,99.10558849752393
9472,171.81314143850884
9473,60.05006031978416
9474,158.82163042317072
9475,196.22758776869674
9476,440.2249611641237
9477,193.10953138521242
9478,235.81595598599645
9479,71.90942311957649
9480,130.82526454176548
9481,107.26502017325889
9482,90.70143189724986
9483,203.05906229154922
9484,215.3321518476461
9485,180.4099917901518
9486,185.11907333298848
9487,305.0783067850486
9488,164.04883372337198
9489,64.2559812209492
9490,71.46358040393615
9491,71.67250352869074
9492,187.50604854135304
9493,123.31649512252172
9494,331.11154752569394
9495,75.7819395572891
9496,58.23109483745905
9497,361.0011707864706
9498,160.13419341062448
9499,73.77311658987085
9500,157.62179066564602
9501,53.69704474022996
9502,125.61358689371086
9503,146.0560986430322
9504,150.45181589920065
9505,1349.7916724571837
9506,46.740802971628
9507,76.79852233019098
9508,126.2581030391816
9509,58.19857379283422
9510,64.68807102222745
9511,95.9446556712129
9512,75.59518964532212
9513,224.6169070324588
9514,58.91351095035072
9515,69.80067549352707
9516,187.71751878606253
9517,74.59729000685553
9518,31.66148727538203
9519,167.09241814771562
9520,170.37957397966187
9521,65.52450538335624
9522,208.82952833702618
9523,174.79632054773617
9524,180.7511728885061
9525,54.897702254080734
9526,108.75608702026663
9527,55.02577702391837
9528,123.36424538812317
9529,199.7100947999189
9530,73.04132973452639
9531,300.24590050450894
9532,146.58672158141033
9533,176.9053096879353
9534,147.18077826559986
9535,79.89896948289795
9536,363.26296250228256
9537,188.39410141320295
9538,271.31390722306816
9539,230.84692037840054
9540,103.40787431063875
9541,752.8774361449408
9542,66.40438574265202
9543,92.07051607625336
9544,384.6645037698242
9545,269.49633895440275
9546,55.20594262479824
9547,356.6766887048264
9548,137.50399956447487
9549,136.06632881756752
9550,217.79221730600065
9551,809.7911732456076
9552,175.55185023894327
9553,101.72029639155716
9554,215.69988217110733
9555,218.48869849993056
9556,163.9082800820612
9557,201.2198674214085
9558,708.6927728107506
9559,1413.2301509130632
9560,134.11755768393002
9561,323.068434443621
9562,140.51874695792398
9563,43.523471086357524
9564,224.50079607701818
9565,2759.9956561192967
9566,68.85907202582334
9567,64.4742860141949
9568,230.20071229321624
9569,181.9465760986321
9570,239.5856348311887
9571,114.98072531993542
9572,49.726281836958044
9573,60.87795989782995
9574,226.89229429728354
9575,171.57791549787723
9576,162.60839334641275
9577,81.21150007426515
9578,108.35380462237742
9579,100.9213900373693
9580,152.62030720150798
9581,93.72141232397439
9582,141.13986853536494
9583,49.099117740399016
9584,269.9423801481737
9585,214.3865649730367
9586,820.8783721055885
9587,564.0277342636392
9588,62.067870492488375
9589,185.20800126287295
9590,191.45641384957094
9591,101.85172993999181
9592,61.42080162414675
9593,53.72475153716909
9594,143.24069701131597
9595,116.24471442816433
9596,80.77112517519296
9597,151.6148386771035
9598,131.4601837192823
9599,156.8096394033706
9600,119.01273084159489
9601,169.77808888415385
9602,202.60908769264054
9603,207.372723784993
9604,63.833949705092614
9605,55.26281340156112
9606,139.89461999305874
9607,581.8146022674713
9608,206.71182535593334
9609,117.88817620908155
9610,294.2359924408157
9611,47.46498636653567
9612,336.2341307992928
9613,138.67377455905137
9614,40.17883693619519
9615,42.88664299442929
9616,104.35159259954844
9617,272.81938956962057
9618,51.48434331585924
9619,82.68518862667246
9620,135.62306810523594
9621,115.04590364365265
9622,613.2485271308107
9623,122.34980165858279
9624,116.13321440066494
9625,177.87062213811143
9626,143.2799833159429
9627,84.13792171188167
9628,57.07923046642899
9629,145.26314211885685
9630,822.2702633894064
9631,53.71455953200754
9632,223.6431510420811
9633,343.66406460788835
9634,685.700228938999
9635,85.91756627164771
9636,879.3506954398175
9637,896.1917434803026
9638,409.97062412504005
9639,187.9097046730534
9640,1307.18007809709
9641,112.93167744546285
9642,204.91219022087856
9643,131.3169504400306
9644,138.9051177454451
9645,1915.6399759049789
9646,104.65316911157369
9647,122.081870630943
9648,83.44736682474638
9649,154.71050000962086
9650,53.18729512311896
9651,160.5406892846589
9652,70.6497224489371
9653,72.81531088738201
9654,119.55493024070984
9655,67.13832200390439
9656,1870.8039009614415
9657,657.2865506692011
9658,406.5341038599454
9659,221.87371032268229
9660,273.78609526191485
9661,74.28745656897043
9662,100.97629224298281
9663,888.1275092623115
9664,96.89325820728783
9665,86.7053664666346
9666,510.0020864818873
9667,113.33144537948282
9668,57.19610870029634
9669,144.6766713194907
9670,191.24689616056457
9671,289.8637656342631
9672,322.6233436900771
9673,511.7274551794162
9674,51.617380737329135
9675,83.33736986328078
9676,41.62321245802307
9677,214.11999375758464
9678,153.81926077686902
9679,61.88064792726819
9680,100.08305727830923
9681,124.88451612953823
9682,175.93522225809727
9683,58.0262003877813
9684,106.36950925905643
9685,91.46735422424281
9686,56.2711331713771
9687,88.85255226019872
9688,124.1143390054511
9689,104.70631625209957
9690,64.21282424936747
9691,75.79179531710295
9692,176.04194308528136
9693,61.65467756941027
9694,255.84727792868463
9695,92.26621241988572
9696,109.90086963831999
9697,135.04133179454865
9698,96.2329866433335
9699,192.9600045165862
9700,83.29975405629999
9701,238.6850820321729
9702,67.68575913202349
9703,144.981871337096
9704,141.04055103648776
9705,2406.6208378915235
9706,122.97661218783672
9707,155.61236052399903
9708,56.338100030611066
9709,131.76499927075807
9710,119.57480930240165
9711,238.09168027864828
9712,144.77697582949318
9713,45.80952747327493
9714,81.10502919212924
9715,43.7614957515788
9716,139.8859054344177
9717,225.61870788991095
9718,28.110941272034285
9719,540.0695345107715
9720,214.18699050219865
9721,378.76405064494605
9722,95.24695012419737
9723,169.67323239966666
9724,186.90888295565492
9725,177.0573909260072
9726,370.1234330107687
9727,35.387693444516366
9728,58.43555172619923
9729,200.38497354792557
9730,44.38588178639654
9731,97.93352691024863
9732,147.11279466353815
9733,144.8953912371072
9734,227.41431679672428
9735,358.76017569307004
9736,461.8055764365256
9737,118.8831155442545
9738,115.47342328140031
9739,156.7358859881039
9740,79.90385017529279
9741,113.67297315824527
9742,164.92401476157775
9743,39.644898208929824
9744,207.50092396237812
9745,176.54676092235897
9746,49.38635745196802
9747,41.210358638367616
9748,433.5477242381389
9749,139.73605934980105
9750,1520.0893797086264
9751,79.38645372176381
9752,516.7513906264412
9753,217.676406238155
9754,406.40554283152386
9755,144.3295261993975
9756,36.98386227111942
9757,77.83787552943515
9758,195.7935884188938
9759,90.53613482613463
9760,45.865182148519274
9761,45.97878976574935
9762,225.22475341212433
9763,75.87070467263952
9764,148.7109717535131
9765,198.16840995699462
9766,513.2332653946922
9767,235.57657425362754
9768,639.2179849519398
9769,60.50715585985461
9770,2210.3112021058078
9771,136.66770561174343
9772,68.50461450819238
9773,291.23898307894484
9774,125.58511290924874
9775,54.274477814639646
9776,59.18703726230226
9777,88.39966568314192
9778,74.85030646328467
9779,68.39235831698583
9780,153.38597604985202
9781,699.2395714352143
9782,47.41413722590678
9783,206.0892836374518
9784,65.49219751850644
9785,160.78377219392135
9786,223.14561278285115
9787,66.31101241913521
9788,135.29281928824483
9789,50.705263476586794
9790,156.06786353303133
9791,127.7928878502197
9792,73.3063266059465
9793,77.48460895614218
9794,254.55266048890743
9795,63.589896410657495
9796,208.8212050601663
9797,614.7163130773771
9798,236.2312641546032
9799,115.24169862401493
9800,152.24803455685935
9801,175.23707492686432
9802,45.86709646504851
9803,134.14454786893236
9804,105.23410158275875
9805,253.48606478164956
9806,178.12622222612177
9807,72.71414383468209
9808,70.66452412567088
9809,67.09996734193344
9810,260.05367025614885
9811,150.305690460741
9812,43.19949934342484
9813,89.84461251448555
9814,144.60338574993486
9815,201.76678499291748
9816,317.3832470097471
9817,220.02652602913474
9818,72.21900069330285
9819,35.4861920557047
9820,57.68103761884871
9821,73.62495400734853
9822,183.8216720075786
9823,696.9222229168067
9824,126.98497161239159
9825,119.63893060370589
9826,46.54049618554209
9827,71.87752158686523
9828,319.9957590125183
9829,316.05115463518723
9830,280.25858837139873
9831,54.05633259813817
9832,56.38561228385918
9833,197.87520810604323
9834,298.315279458832
9835,185.47605266863573
9836,429.7453911220534
9837,206.60066484593696
9838,222.96127016634577
9839,208.88295205360168
9840,79.17687889121079
9841,42.754134235971414
9842,109.21032893242848
9843,83.27686209004872
9844,212.93722142600055
9845,266.76807395493813
9846,52.796097726698186
9847,867.9426563725045
9848,103.29592833358959
9849,354.952474211323
9850,332.66418515680573
9851,143.58648649172076
9852,173.82357875642853
9853,96.1938835692395
9854,213.7364486602884
9855,119.99326496126152
9856,221.90554673767392
9857,94.02828657074183
9858,170.89250058606845
9859,87.14048276386411
9860,152.9390331473721
9861,265.10896762433964
9862,73.31126762741447
9863,285.9090090545126
9864,82.34207313115705
9865,219.44995207992994
9866,115.44262681371545
9867,268.4248778081547
9868,230.82236333572095
9869,230.21514807508728
9870,1246.5774101352697
9871,65.28520743348308
9872,196.8402243377283
9873,114.94619573096297
9874,159.18434385294188
9875,79.04700263217622
9876,1787.3618156042419
9877,118.36813925483973
9878,215.84379884956573
9879,69.58827294612978
9880,184.31934568254258
9881,198.97231221949838
9882,98.05612334294663
9883,72.42238626429109
9884,183.55036791720715
9885,180.58477548487602
9886,77.25045249923893
9887,37.9265403141434
9888,189.1364138977361
9889,330.0047303680039
9890,197.86194213796816
9891,139.84008781322476
9892,205.28528166151088
9893,178.9854982880239
9894,107.08913510247913
9895,290.1790462243044
9896,52.66801215173425
9897,377.42091249891456
9898,157.00426570109246
9899,62.0190289678309
9900,109.82838009868271
9901,122.10325749416889
9902,143.20332459132212
9903,98.98661636055412
9904,296.637320205821
9905,276.60857925019354
9906,71.37245961694978
9907,71.643553961644
9908,94.3982610310946
9909,193.86285901770282
9910,359.6224436164964
9911,153.2348045984822
9912,135.1676531772905
9913,152.0060950267866
9914,572.0650304728943
9915,176.56160745501464
9916,114.35847121395886
9917,206.25839373276347
9918,175.25396524439125
9919,73.85958299285205
9920,349.91548221154613
9921,68.84965790805411
9922,238.07055269812062
9923,80.1583693150048
9924,59.55473321558133
9925,109.34310705993971
9926,145.05498084060892
9927,200.27670486922034
9928,140.37420034636924
9929,175.29847771159407
9930,251.07369897392164
9931,101.47636405299168
9932,295.23722539627255
9933,71.85389828397244
9934,287.8317866362359
9935,143.22682936017597
9936,108.60522994104305
9937,265.99292118905686
9938,160.44861560053474
9939,363.14697663673104
9940,208.37746529689494
9941,368.71576370753604
9942,188.5632120900996
9943,173.52889505987187
9944,200.0122664543297
9945,188.4699695303591
9946,89.71956240201273
9947,136.27472540982862
9948,183.39070582313116
9949,155.9724809254268
9950,47.45056724624297
9951,141.57341437320284
9952,130.2866415801403
9953,93.36223536864837
9954,96.1649319769972
9955,432.7348960662944
9956,119.73451694957542
9957,74.47474102646572
9958,69.26597777901334
9959,139.87571699467094
9960,62.71899998623288
9961,143.5506347486224
9962,300.76043002791505
9963,173.1140025573421
9964,278.2464339350262
9965,72.00960893539835
9966,116.36829804041462
9967,70.90661899371001
9968,74.13075787685857
9969,123.4259246248542
9970,345.4981531360552
9971,64.15500461418775
9972,173.09700503847412
9973,1165.5881745263234
9974,32.95456887184789
9975,33.96204514366035
9976,69.49507424504097
9977,123.6889270019279
9978,128.45388376164055
9979,149.97527284659157
9980,41.782129719828646
9981,85.23042040028282
9982,123.59386992370383
9983,101.30686320397247
9984,85.7160829735845
9985,285.3166714589097
9986,421.52698034572455
9987,194.70998020326465
9988,37.29542715441026
9989,77.69703029118881
9990,133.89880429213108
9991,514.3182401684352
9992,122.60035406084357
9993,407.15130346777096
9994,190.11790810877858
9995,224.98817954398442
9996,729.6601789184534
9997,269.09636643821517
9998,201.50298529491883
9999,219.20423333093834
