Date,Price,Open,High,Low,Vol.,Change %
14-Aug-22,7669.00,7840.00,7987.00,7592.00,134.07K,-0.05
7-Aug-22,8098.00,7808.00,7808.00,7808.00,0.06K,0.04
31-Jul-22,7784.00,8666.00,8666.00,8010.00,0.16K,-0.03
24-Jul-22,8064.00,7673.00,8212.00,7673.00,4.14K,0.05
17-Jul-22,7673.00,7655.00,8009.00,7540.00,1.41K,-0.01
10-Jul-22,7778.00,8094.00,8094.00,7552.00,1.21K,-0.06
3-Jul-22,8272.00,8400.00,8480.00,8117.00,0.17K,-0.02
26-Jun-22,8400.00,8418.00,8482.00,8252.00,3.12K,0.00
19-Jun-22,8418.00,8643.00,8649.00,8330.00,2.94K,-0.04
12-Jun-22,8769.00,8891.00,8901.00,8620.00,2.51K,-0.03
5-Jun-22,9048.00,9000.00,9088.00,8999.00,0.15K,0.01
29-May-22,8982.00,8771.00,8983.00,8771.00,2.08K,0.04
22-May-22,8639.00,8507.00,8826.00,8446.00,5.75K,0.00
15-May-22,8605.00,8663.00,8730.00,8464.00,3.72K,0.00
8-May-22,8625.00,8745.00,8752.00,8531.00,0.61K,-0.03
1-May-22,8880.00,8750.00,8980.00,8750.00,0.73K,0.01
24-Apr-22,8750.00,8870.00,8900.00,8602.00,64.03K,-0.02
17-Apr-22,8902.00,9039.00,9122.00,8850.00,428.60K,0.01
10-Apr-22,8793.00,8824.00,8824.00,8761.00,0.14K,-0.01
3-Apr-22,8914.00,8960.00,8960.00,8892.00,0.09K,-0.01
27-Mar-22,9009.00,9078.00,9283.00,9078.00,1.65K,-0.01
20-Mar-22,9117.00,8941.00,9130.00,8900.00,0.72K,0.02
13-Mar-22,8935.00,8913.00,8950.00,8838.00,0.43K,-0.04
6-Mar-22,9326.00,9350.00,9446.00,9350.00,0.05K,0.03
27-Feb-22,9045.00,8765.00,9050.00,8665.00,0.40K,0.03
20-Feb-22,8765.00,8597.00,8908.00,8579.00,1.26K,-0.03
13-Feb-22,8994.00,8611.00,8760.00,8611.00,0.38K,-0.04
6-Feb-22,9396.00,9350.00,9400.00,9350.00,0.13K,0.04
23-Jan-22,9036.00,8928.00,9059.00,8800.00,2.17K,0.01
16-Jan-22,8928.00,8800.00,8986.00,8725.00,4.07K,0.01
9-Jan-22,8809.00,8778.00,8830.00,8577.00,0.76K,0.00
2-Jan-22,8783.00,8598.00,9150.00,8598.00,2.84K,0.02
26-Dec-21,8598.00,8608.00,8679.00,8399.00,46.80K,0.00
19-Dec-21,8608.00,8456.00,8649.00,8431.00,308.22K,0.02
12-Dec-21,8449.00,8350.00,8633.00,8335.00,677.62K,0.02
5-Dec-21,8301.00,8600.00,8600.00,7933.00,0.12K,-0.02
28-Nov-21,8495.00,8888.00,8888.00,8127.00,2.20K,-0.05
21-Nov-21,8896.00,8851.00,8964.00,8700.00,0.51K,0.02
14-Nov-21,8732.00,9016.00,9016.00,8593.00,0.69K,-0.01
7-Nov-21,8790.00,8883.00,9047.00,8722.00,0.53K,0.00
31-Oct-21,8780.00,8785.00,8850.00,8550.00,0.55K,0.00
24-Oct-21,8785.00,9225.00,9230.00,8630.00,4.91K,-0.06
17-Oct-21,9305.00,9350.00,9475.00,9040.00,1.44K,-0.01
10-Oct-21,9430.00,9995.00,10000.00,9420.00,0.10K,-0.02
3-Oct-21,9640.00,9640.00,9640.00,9640.00,,0.00
26-Sep-21,9640.00,9000.00,9980.00,8980.00,3.18K,0.10
19-Sep-21,8775.00,8700.00,9030.00,8670.00,2.77K,-0.02
12-Sep-21,8910.00,8555.00,9260.00,8505.00,7.16K,0.04
5-Sep-21,8555.00,8300.00,8555.00,8300.00,0.75K,0.03
29-Aug-21,8340.00,8120.00,8405.00,8005.00,12.97K,0.03
22-Aug-21,8115.00,8140.00,8300.00,8085.00,112.26K,0.00
15-Aug-21,8155.00,8355.00,8435.00,8110.00,662.52K,-0.02
8-Aug-21,8290.00,8300.00,8300.00,8300.00,0.01K,0.01
1-Aug-21,8230.00,8230.00,8230.00,8230.00,,0.00
25-Jul-21,8230.00,8255.00,8255.00,8200.00,0.02K,0.00
18-Jul-21,8260.00,8335.00,8490.00,8245.00,0.04K,0.02
11-Jul-21,8100.00,8100.00,8100.00,8100.00,0.00K,0.00
4-Jul-21,8095.00,8095.00,8095.00,8095.00,,0.00
27-Jun-21,8095.00,8000.00,8185.00,8000.00,0.01K,0.04
20-Jun-21,7785.00,7730.00,7785.00,7730.00,0.01K,0.03
13-Jun-21,7535.00,7430.00,7660.00,7410.00,0.07K,0.00
6-Jun-21,7535.00,7540.00,7540.00,7535.00,0.01K,-0.01
30-May-21,7625.00,7700.00,7700.00,7515.00,0.04K,-0.02
23-May-21,7805.00,7655.00,8015.00,7605.00,0.08K,-0.01
16-May-21,7855.00,8155.00,8495.00,7720.00,1.69K,-0.06
9-May-21,8340.00,8580.00,8585.00,8250.00,3.82K,-0.02
2-May-21,8520.00,8350.00,8610.00,8350.00,9.48K,0.03
25-Apr-21,8300.00,8165.00,8380.00,8120.00,91.67K,0.02
18-Apr-21,8170.00,8355.00,8455.00,8090.00,334.99K,-0.03
11-Apr-21,8385.00,8250.00,8470.00,8250.00,186.22K,-0.04
4-Apr-21,8740.00,8740.00,8740.00,8740.00,,0.00
28-Mar-21,8740.00,8600.00,8840.00,8475.00,0.66K,0.02
21-Mar-21,8575.00,8680.00,8690.00,8500.00,0.12K,-0.01
14-Mar-21,8635.00,8980.00,9150.00,8585.00,0.37K,-0.02
7-Mar-21,8850.00,9080.00,9080.00,8810.00,0.13K,0.00
28-Feb-21,8885.00,8870.00,8870.00,8640.00,0.14K,0.00
21-Feb-21,8870.00,8890.00,9080.00,8510.00,1.41K,0.12
14-Feb-21,7955.00,7970.00,7970.00,7970.00,0.01K,0.00
7-Feb-21,7970.00,7970.00,7970.00,7970.00,,0.00
31-Jan-21,7970.00,7915.00,7920.00,7915.00,0.01K,0.01
24-Jan-21,7930.00,7810.00,8020.00,7680.00,0.55K,0.02
17-Jan-21,7780.00,7600.00,7860.00,7505.00,3.85K,0.00
10-Jan-21,7765.00,7665.00,7690.00,7430.00,2.04K,0.00
3-Jan-21,7775.00,7650.00,7950.00,7640.00,4.61K,0.02
27-Dec-20,7600.00,7675.00,7760.00,7460.00,21.64K,-0.02
20-Dec-20,7735.00,7925.00,7990.00,7650.00,115.63K,-0.02
13-Dec-20,7905.00,8300.00,8300.00,7700.00,459.13K,-0.02
6-Dec-20,8100.00,8150.00,8150.00,8100.00,0.02K,0.00
29-Nov-20,8120.00,7875.00,8150.00,7875.00,0.08K,0.01
22-Nov-20,8065.00,7890.00,8260.00,7810.00,0.28K,0.02
15-Nov-20,7890.00,7690.00,8015.00,7690.00,0.06K,0.07
8-Nov-20,7350.00,7350.00,7350.00,7350.00,,0.00
1-Nov-20,7350.00,7350.00,7400.00,7300.00,0.01K,0.01
25-Oct-20,7270.00,7345.00,7440.00,7110.00,0.18K,0.01
18-Oct-20,7185.00,7240.00,7295.00,7145.00,0.16K,-0.01
11-Oct-20,7285.00,7365.00,7430.00,7355.00,0.10K,0.02
4-Oct-20,7125.00,7125.00,7125.00,7125.00,,0.00
27-Sep-20,7125.00,7250.00,7250.00,7095.00,0.42K,-0.02
20-Sep-20,7250.00,7355.00,7470.00,7135.00,0.51K,-0.02
13-Sep-20,7390.00,7400.00,7465.00,7300.00,1.12K,0.00
6-Sep-20,7415.00,7615.00,7615.00,7400.00,0.67K,-0.03
30-Aug-20,7615.00,7295.00,7840.00,7250.00,12.67K,0.05
23-Aug-20,7240.00,7090.00,7300.00,7040.00,56.26K,0.02
16-Aug-20,7105.00,7020.00,7220.00,7000.00,433.41K,0.00
9-Aug-20,7130.00,7100.00,7100.00,7000.00,0.01K,-0.01
2-Aug-20,7190.00,7195.00,7200.00,7185.00,0.02K,0.04
26-Jul-20,6895.00,6965.00,7405.00,6880.00,0.13K,-0.01
19-Jul-20,6935.00,7110.00,7160.00,6895.00,0.05K,-0.01
12-Jul-20,7040.00,7235.00,7240.00,7005.00,0.05K,-0.01
5-Jul-20,7105.00,7045.00,7210.00,7045.00,0.03K,0.04
28-Jun-20,6805.00,6760.00,6995.00,6750.00,0.02K,-0.01
21-Jun-20,6860.00,6715.00,6860.00,6715.00,0.00K,0.00
14-Jun-20,6880.00,6680.00,6885.00,6655.00,1.64K,0.00
7-Jun-20,6865.00,6865.00,6865.00,6865.00,,0.00
31-May-20,6865.00,6865.00,6865.00,6865.00,,0.00
24-May-20,6865.00,6650.00,7195.00,6525.00,0.06K,0.03
17-May-20,6670.00,6350.00,6785.00,5750.00,0.24K,0.04
10-May-20,6410.00,6355.00,6920.00,6155.00,0.34K,0.00
3-May-20,6390.00,6235.00,6580.00,6235.00,2.64K,0.02
26-Apr-20,6235.00,6155.00,6375.00,6130.00,8.80K,0.01
19-Apr-20,6175.00,6100.00,6250.00,5705.00,65.45K,-0.03
12-Apr-20,6365.00,6475.00,6505.00,6190.00,116.83K,0.12
5-Apr-20,5700.00,5700.00,5700.00,5700.00,,0.00
29-Mar-20,5700.00,5455.00,5700.00,5455.00,0.12K,-0.02
22-Mar-20,5800.00,6070.00,6490.00,5865.00,0.02K,-0.08
15-Mar-20,6300.00,6400.00,6480.00,6300.00,0.02K,-0.02
8-Mar-20,6400.00,6400.00,6400.00,6400.00,,-0.01
1-Mar-20,6480.00,6315.00,6500.00,6315.00,0.00K,0.08
23-Feb-20,6000.00,6355.00,6740.00,6000.00,0.03K,-0.09
16-Feb-20,6600.00,6990.00,6995.00,6565.00,0.01K,-0.06
9-Feb-20,7010.00,7010.00,7010.00,7010.00,0.00K,0.00
2-Feb-20,7010.00,7010.00,7010.00,7010.00,,0.00
19-Jan-20,7010.00,7010.00,7010.00,7010.00,0.00K,-0.05
12-Jan-20,7360.00,7230.00,7560.00,7120.00,1.32K,0.02
5-Jan-20,7250.00,7180.00,7380.00,7160.00,1.46K,0.01
29-Dec-19,7155.00,7230.00,7280.00,7085.00,15.54K,-0.01
22-Dec-19,7260.00,7290.00,7290.00,7200.00,46.58K,0.00
15-Dec-19,7225.00,7265.00,7300.00,7150.00,120.09K,0.01
8-Dec-19,7185.00,7185.00,7185.00,7185.00,,0.00
1-Dec-19,7185.00,7185.00,7185.00,7185.00,,0.00
24-Nov-19,7185.00,7025.00,7275.00,7025.00,0.01K,0.01
17-Nov-19,7100.00,7100.00,7100.00,7100.00,,0.02
10-Nov-19,6975.00,6975.00,6975.00,6975.00,,-0.02
3-Nov-19,7105.00,7105.00,7140.00,7080.00,0.06K,0.02
27-Oct-19,7000.00,7175.00,7210.00,7000.00,0.01K,-0.03
20-Oct-19,7180.00,7035.00,7200.00,7035.00,0.00K,-0.04
13-Oct-19,7455.00,7455.00,7455.00,7455.00,,0.00
6-Oct-19,7455.00,7455.00,7455.00,7455.00,,0.00
29-Sep-19,7455.00,7455.00,7455.00,7455.00,,0.00
22-Sep-19,7455.00,7445.00,7760.00,7445.00,0.01K,-0.03
15-Sep-19,7695.00,7245.00,7890.00,7245.00,1.21K,0.07
8-Sep-19,7215.00,7060.00,7250.00,7060.00,2.95K,0.01
1-Sep-19,7125.00,7040.00,7170.00,7000.00,8.12K,0.01
25-Aug-19,7050.00,7200.00,7255.00,6995.00,64.42K,-0.02
18-Aug-19,7225.00,7390.00,7470.00,7185.00,149.21K,-0.03
11-Aug-19,7425.00,7385.00,7510.00,7385.00,70.15K,0.00
4-Aug-19,7450.00,7450.00,7450.00,7450.00,0.01K,0.00
28-Jul-19,7470.00,7470.00,7470.00,7470.00,,0.01
21-Jul-19,7430.00,7895.00,7895.00,7430.00,0.01K,-0.05
14-Jul-19,7795.00,7795.00,7795.00,7795.00,0.00K,0.01
7-Jul-19,7685.00,7685.00,7685.00,7685.00,,0.00
30-Jun-19,7685.00,7685.00,7685.00,7685.00,,0.00
23-Jun-19,7685.00,7550.00,7830.00,7540.00,0.01K,0.02
16-Jun-19,7550.00,7550.00,7550.00,7550.00,,-0.04
9-Jun-19,7900.00,7900.00,7900.00,7900.00,,0.00
2-Jun-19,7900.00,7900.00,7900.00,7900.00,0.00K,-0.02
26-May-19,8070.00,8215.00,8215.00,7930.00,0.00K,0.02
19-May-19,7900.00,7900.00,7900.00,7900.00,,-0.02
12-May-19,8055.00,7945.00,7980.00,7560.00,0.90K,0.01
5-May-19,7945.00,8330.00,8330.00,7870.00,2.51K,-0.05
28-Apr-19,8335.00,8350.00,8410.00,8320.00,8.26K,0.00
21-Apr-19,8370.00,8370.00,8425.00,8330.00,36.44K,0.00
14-Apr-19,8395.00,8570.00,8590.00,8370.00,55.61K,-0.03
7-Apr-19,8625.00,8625.00,8625.00,8625.00,,0.00
31-Mar-19,8625.00,8625.00,8625.00,8625.00,,0.00
24-Mar-19,8625.00,8625.00,8625.00,8625.00,,0.00
17-Mar-19,8625.00,8625.00,8625.00,8625.00,,0.00
10-Mar-19,8625.00,8625.00,8625.00,8625.00,,0.02
3-Mar-19,8450.00,8450.00,8450.00,8450.00,,0.00
24-Feb-19,8450.00,8450.00,8450.00,8450.00,0.00K,-0.05
17-Feb-19,8875.00,8875.00,8875.00,8875.00,,0.00
10-Feb-19,8840.00,8840.00,8840.00,8840.00,,0.00
27-Jan-19,8840.00,8840.00,8840.00,8840.00,,0.00
20-Jan-19,8840.00,8840.00,8840.00,8840.00,,0.00
13-Jan-19,8840.00,8950.00,8950.00,8925.00,0.29K,0.03
6-Jan-19,8565.00,9010.00,9050.00,8485.00,0.53K,-0.05
30-Dec-18,9015.00,8910.00,9070.00,8910.00,2.28K,0.00
23-Dec-18,9055.00,9005.00,9110.00,8860.00,13.67K,0.00
16-Dec-18,9035.00,9060.00,9190.00,9000.00,44.37K,0.00
9-Dec-18,9035.00,9035.00,9035.00,9035.00,,0.00
2-Dec-18,9035.00,9035.00,9035.00,9035.00,,0.00
25-Nov-18,9035.00,9035.00,9035.00,9035.00,,0.00
18-Nov-18,9035.00,8885.00,9360.00,8705.00,0.07K,-0.02
11-Nov-18,9245.00,9245.00,9245.00,9245.00,,-0.01
4-Nov-18,9370.00,9370.00,9370.00,9370.00,,0.00
28-Oct-18,9370.00,9370.00,9370.00,9370.00,,0.00
21-Oct-18,9370.00,9155.00,9560.00,9155.00,0.04K,0.01
14-Oct-18,9270.00,9270.00,9270.00,9270.00,,0.00
7-Oct-18,9270.00,9270.00,9270.00,9270.00,,0.00
23-Sep-18,9270.00,9270.00,9270.00,9270.00,,0.00
16-Sep-18,9270.00,9270.00,9270.00,9270.00,,-0.01
9-Sep-18,9370.00,9250.00,9350.00,9250.00,0.88K,0.01
2-Sep-18,9300.00,9205.00,9500.00,9205.00,1.33K,-0.02
26-Aug-18,9455.00,9545.00,9590.00,9380.00,11.52K,-0.01
19-Aug-18,9560.00,9620.00,9730.00,9510.00,41.02K,-0.01
12-Aug-18,9635.00,9660.00,9700.00,9520.00,38.51K,0.00
5-Aug-18,9600.00,9495.00,9600.00,9495.00,0.00K,0.03
29-Jul-18,9345.00,9345.00,9350.00,9345.00,0.00K,0.02
22-Jul-18,9135.00,9135.00,9135.00,9135.00,,0.00
15-Jul-18,9115.00,9115.00,9115.00,9115.00,,0.01
8-Jul-18,8995.00,8995.00,9000.00,8995.00,0.01K,-0.01
1-Jul-18,9095.00,9095.00,9095.00,9095.00,,0.00
24-Jun-18,9095.00,9095.00,9095.00,9095.00,0.00K,0.02
17-Jun-18,8955.00,9030.00,9030.00,8955.00,0.00K,-0.01
10-Jun-18,9090.00,9090.00,9090.00,9090.00,0.00K,-0.12
3-Jun-18,10330.00,10330.00,10330.00,10330.00,,0.00
27-May-18,10330.00,9225.00,10590.00,9225.00,0.01K,0.07
20-May-18,9635.00,9270.00,9640.00,9270.00,0.10K,0.00
13-May-18,9600.00,9600.00,9600.00,9600.00,0.29K,0.00
6-May-18,9600.00,9650.00,9720.00,9600.00,0.10K,-0.01
29-Apr-18,9650.00,9210.00,9715.00,9210.00,5.92K,0.04
22-Apr-18,9250.00,9195.00,9295.00,9195.00,36.42K,0.00
15-Apr-18,9285.00,9290.00,9400.00,9180.00,41.63K,-0.14
8-Apr-18,10855.00,10855.00,10855.00,10855.00,0.00K,0.15
1-Apr-18,9400.00,10310.00,10310.00,9200.00,0.01K,-0.03
25-Mar-18,9730.00,9220.00,9830.00,9220.00,0.01K,0.04
18-Mar-18,9350.00,9715.00,9715.00,9200.00,0.01K,-0.02
11-Mar-18,9550.00,9200.00,9300.00,9200.00,0.01K,0.06
4-Mar-18,8970.00,8970.00,8970.00,8970.00,,0.00
25-Feb-18,8970.00,8885.00,9230.00,8885.00,0.00K,-0.03
18-Feb-18,9230.00,9230.00,9230.00,9230.00,,-0.02
11-Feb-18,9450.00,9450.00,9450.00,9450.00,,0.00
4-Feb-18,9450.00,9450.00,9450.00,9450.00,0.00K,-0.05
28-Jan-18,9985.00,10105.00,10105.00,9870.00,0.00K,0.01
21-Jan-18,9870.00,9870.00,9870.00,9870.00,,0.00
14-Jan-18,9870.00,9870.00,9870.00,9870.00,0.01K,0.00
7-Jan-18,9855.00,9800.00,9890.00,9450.00,0.66K,0.01
31-Dec-17,9725.00,9580.00,9850.00,9580.00,2.29K,0.02
24-Dec-17,9545.00,9400.00,9590.00,9370.00,17.97K,0.00
17-Dec-17,9545.00,9580.00,9675.00,9500.00,40.69K,0.00
10-Dec-17,9540.00,9495.00,9610.00,9490.00,9.27K,-0.01
3-Dec-17,9590.00,9590.00,9590.00,9590.00,,0.00
26-Nov-17,9590.00,9445.00,9705.00,9445.00,0.01K,-0.01
19-Nov-17,9645.00,9645.00,9645.00,9645.00,0.00K,-0.01
12-Nov-17,9715.00,9715.00,9715.00,9715.00,,0.02
5-Nov-17,9510.00,9510.00,9510.00,9510.00,,0.00
29-Oct-17,9510.00,9420.00,9590.00,9420.00,0.01K,0.00
22-Oct-17,9465.00,9465.00,9465.00,9465.00,,0.03
15-Oct-17,9200.00,9200.00,9200.00,9200.00,,0.00
8-Oct-17,9200.00,9200.00,9200.00,9200.00,0.00K,0.00
24-Sep-17,9200.00,9135.00,9700.00,8705.00,0.00K,-0.04
17-Sep-17,9585.00,9765.00,9765.00,9450.00,0.01K,-0.04
10-Sep-17,9945.00,9730.00,9900.00,9550.00,2.82K,0.01
3-Sep-17,9840.00,10230.00,10230.00,9730.00,3.20K,-0.01
27-Aug-17,9950.00,9630.00,10070.00,9580.00,16.55K,0.02
20-Aug-17,9800.00,9585.00,9845.00,9500.00,48.82K,0.03
13-Aug-17,9510.00,9370.00,9545.00,9210.00,72.23K,0.04
6-Aug-17,9130.00,9130.00,9130.00,9130.00,,0.00
30-Jul-17,9130.00,9130.00,9130.00,9130.00,,0.00
23-Jul-17,9130.00,9130.00,9130.00,9130.00,,0.00
16-Jul-17,9130.00,8980.00,9285.00,8980.00,0.00K,0.02
9-Jul-17,8950.00,8950.00,8950.00,8950.00,,0.00
2-Jul-17,8950.00,8950.00,8950.00,8950.00,,0.00
25-Jun-17,8950.00,8950.00,8950.00,8950.00,,0.00
18-Jun-17,8950.00,9965.00,9965.00,8585.00,0.02K,-0.06
11-Jun-17,9500.00,9500.00,9500.00,9500.00,,0.01
4-Jun-17,9365.00,9365.00,9365.00,9365.00,,0.00
28-May-17,9365.00,9365.00,9365.00,9365.00,0.01K,0.05
21-May-17,8930.00,9150.00,9150.00,8780.00,0.01K,0.02
14-May-17,8725.00,8800.00,8900.00,8785.00,0.82K,0.01
7-May-17,8675.00,8800.00,8800.00,8600.00,0.49K,0.00
30-Apr-17,8650.00,8760.00,8940.00,8630.00,2.24K,-0.02
23-Apr-17,8850.00,8810.00,8900.00,8695.00,20.73K,-0.01
16-Apr-17,8955.00,8970.00,9035.00,8870.00,29.82K,-0.10
9-Apr-17,9915.00,9915.00,9915.00,9915.00,,0.00
2-Apr-17,9915.00,9915.00,9915.00,9915.00,,0.00
26-Mar-17,9915.00,9915.00,9915.00,9915.00,,0.00
19-Mar-17,9915.00,9915.00,9915.00,9915.00,,0.00
12-Mar-17,9915.00,9915.00,9915.00,9915.00,,0.11
5-Mar-17,8950.00,8965.00,8965.00,8950.00,0.01K,0.00
26-Feb-17,8965.00,8965.00,8965.00,8965.00,0.01K,-0.13
19-Feb-17,10250.00,10250.00,10250.00,10250.00,,0.00
12-Feb-17,10250.00,10250.00,10250.00,10250.00,,-0.05
5-Feb-17,10790.00,10790.00,10790.00,10790.00,,0.00
29-Jan-17,10790.00,10790.00,10790.00,10790.00,,0.00
22-Jan-17,10790.00,10085.00,10790.00,10085.00,0.00K,0.12
15-Jan-17,9615.00,9800.00,10100.00,9600.00,0.34K,-0.02
8-Jan-17,9835.00,9505.00,9940.00,9460.00,1.18K,0.03
1-Jan-17,9555.00,9820.00,9820.00,9460.00,1.85K,-0.02
25-Dec-16,9780.00,9795.00,10095.00,9650.00,8.51K,0.00
18-Dec-16,9755.00,10000.00,10035.00,9650.00,17.33K,-0.04
11-Dec-16,10115.00,10155.00,10270.00,9980.00,17.97K,0.03
4-Dec-16,9840.00,9840.00,9840.00,9840.00,,0.00
27-Nov-16,9840.00,9840.00,9840.00,9840.00,,0.00
20-Nov-16,9840.00,10075.00,10075.00,9610.00,0.00K,0.02
13-Nov-16,9660.00,9660.00,9660.00,9660.00,,0.02
6-Nov-16,9450.00,9450.00,9450.00,9450.00,,0.00
30-Oct-16,9450.00,9450.00,9450.00,9450.00,,0.00
23-Oct-16,9450.00,9270.00,9450.00,9270.00,0.00K,0.07
16-Oct-16,8870.00,8870.00,8870.00,8870.00,,0.00
9-Oct-16,8870.00,8870.00,8870.00,8870.00,,0.00
25-Sep-16,8870.00,8870.00,8870.00,8870.00,0.00K,0.05
18-Sep-16,8455.00,8825.00,8935.00,8455.00,0.01K,-0.06
11-Sep-16,8955.00,8935.00,9100.00,8915.00,0.66K,-0.01
4-Sep-16,9045.00,8950.00,9100.00,8905.00,1.60K,0.01
28-Aug-16,8945.00,9200.00,9235.00,8930.00,27.27K,-0.03
21-Aug-16,9205.00,9120.00,9335.00,9015.00,63.70K,0.01
14-Aug-16,9110.00,9010.00,9170.00,8970.00,115.63K,0.01
7-Aug-16,9030.00,9030.00,9030.00,9030.00,,0.00
31-Jul-16,9030.00,9030.00,9030.00,9030.00,,0.00
24-Jul-16,9030.00,9045.00,9045.00,9000.00,0.01K,-0.01
17-Jul-16,9145.00,9040.00,9315.00,8940.00,0.03K,-0.02
10-Jul-16,9370.00,9560.00,9560.00,9260.00,0.01K,-0.02
3-Jul-16,9560.00,9560.00,9560.00,9560.00,,0.00
26-Jun-16,9560.00,9850.00,10340.00,9370.00,0.04K,0.02
19-Jun-16,9390.00,9435.00,9465.00,9215.00,0.02K,0.04
12-Jun-16,9015.00,8825.00,8825.00,8825.00,0.00K,0.08
5-Jun-16,8335.00,8335.00,8335.00,8335.00,,0.00
29-May-16,8335.00,8650.00,8805.00,8205.00,0.06K,-0.06
22-May-16,8885.00,8440.00,8940.00,8425.00,0.09K,0.07
15-May-16,8320.00,8540.00,8785.00,8050.00,2.25K,0.00
8-May-16,8300.00,8370.00,8500.00,8200.00,0.69K,-0.01
1-May-16,8425.00,8470.00,8525.00,8310.00,2.68K,-0.02
24-Apr-16,8640.00,8600.00,8995.00,8380.00,27.71K,0.00
17-Apr-16,8670.00,8800.00,8925.00,8560.00,312.56K,-0.15
10-Apr-16,10150.00,10150.00,10150.00,10150.00,,0.00
3-Apr-16,10150.00,10150.00,10150.00,10150.00,,0.00
27-Mar-16,10150.00,9640.00,10190.00,9640.00,0.02K,0.03
20-Mar-16,9840.00,9855.00,9870.00,9355.00,0.06K,0.01
13-Mar-16,9725.00,9000.00,9945.00,9000.00,0.05K,0.14
6-Mar-16,8565.00,8565.00,8565.00,8565.00,,0.00
28-Feb-16,8565.00,8565.00,8565.00,8565.00,,0.00
21-Feb-16,8565.00,8145.00,8985.00,8145.00,0.00K,0.00
14-Feb-16,8550.00,8550.00,8550.00,8550.00,,0.00
31-Jan-16,8550.00,8550.00,8550.00,8550.00,,0.00
24-Jan-16,8550.00,8550.00,8550.00,8550.00,0.01K,0.00
17-Jan-16,8520.00,9000.00,9000.00,8380.00,0.01K,-0.04
10-Jan-16,8860.00,8740.00,8740.00,8400.00,0.08K,0.03
3-Jan-16,8570.00,9080.00,9100.00,8555.00,1.82K,-0.03
27-Dec-15,8820.00,8670.00,8870.00,8625.00,25.33K,0.02
20-Dec-15,8625.00,8410.00,8700.00,8390.00,69.50K,0.03
13-Dec-15,8350.00,8210.00,8425.00,8150.00,66.41K,0.04
6-Dec-15,8000.00,8000.00,8000.00,8000.00,,0.02
29-Nov-15,7880.00,7880.00,7880.00,7880.00,,0.00
22-Nov-15,7880.00,7570.00,8095.00,7570.00,0.05K,-0.02
15-Nov-15,8050.00,8050.00,8050.00,8050.00,0.01K,-0.08
8-Nov-15,8735.00,8700.00,8700.00,8700.00,0.00K,0.00
1-Nov-15,8700.00,8400.00,8895.00,8400.00,0.03K,0.04
25-Oct-15,8400.00,8450.00,8450.00,8400.00,0.00K,-0.02
18-Oct-15,8530.00,8480.00,8580.00,8480.00,0.00K,-0.03
11-Oct-15,8800.00,8800.00,8800.00,8800.00,0.00K,0.00
4-Oct-15,8805.00,8805.00,8805.00,8805.00,,0.00
27-Sep-15,8805.00,8315.00,8805.00,8315.00,0.02K,0.02
20-Sep-15,8640.00,8480.00,8995.00,8480.00,0.03K,-0.02
13-Sep-15,8825.00,8800.00,9165.00,8485.00,1.40K,0.00
6-Sep-15,8840.00,9100.00,9100.00,8210.00,0.79K,-0.03
30-Aug-15,9135.00,9095.00,9200.00,9025.00,4.81K,0.00
23-Aug-15,9105.00,8720.00,9150.00,8465.00,76.30K,0.03
16-Aug-15,8865.00,9220.00,9260.00,8815.00,221.43K,-0.05
9-Aug-15,9345.00,9200.00,9750.00,9200.00,0.02K,0.05
2-Aug-15,8895.00,8895.00,8895.00,8895.00,,0.00
26-Jul-15,8895.00,9175.00,9175.00,8600.00,0.06K,-0.03
19-Jul-15,9175.00,9175.00,9175.00,9175.00,,0.00
12-Jul-15,9175.00,9575.00,9575.00,9095.00,0.01K,-0.06
5-Jul-15,9780.00,9780.00,9780.00,9780.00,,0.00
28-Jun-15,9780.00,9495.00,10080.00,9380.00,0.07K,0.02
21-Jun-15,9600.00,9425.00,9790.00,9335.00,0.03K,0.02
14-Jun-15,9415.00,9405.00,9450.00,9405.00,0.01K,-0.03
7-Jun-15,9700.00,9700.00,9700.00,9700.00,,0.00
31-May-15,9700.00,9700.00,9700.00,9700.00,,-0.01
24-May-15,9750.00,10295.00,10300.00,9590.00,0.07K,-0.05
17-May-15,10240.00,10290.00,10300.00,9755.00,0.09K,-0.05
10-May-15,10750.00,10200.00,10635.00,9800.00,3.14K,0.04
3-May-15,10300.00,10720.00,11005.00,10120.00,4.07K,-0.05
26-Apr-15,10795.00,10450.00,10935.00,10350.00,40.32K,0.05
19-Apr-15,10320.00,10045.00,10400.00,10025.00,160.82K,0.03
12-Apr-15,10025.00,11900.00,11900.00,9820.00,133.03K,-0.14
5-Apr-15,11635.00,11635.00,11635.00,11635.00,0.00K,0.06
29-Mar-15,10980.00,9980.00,10980.00,9915.00,0.02K,0.14
22-Mar-15,9605.00,9630.00,9630.00,9565.00,0.01K,0.01
15-Mar-15,9465.00,9465.00,9465.00,9465.00,0.00K,0.01
8-Mar-15,9395.00,9395.00,9395.00,9395.00,,0.00
1-Mar-15,9395.00,9300.00,9480.00,9300.00,0.02K,0.03
22-Feb-15,9085.00,8980.00,9295.00,8625.00,0.04K,0.00
15-Feb-15,9100.00,9100.00,9100.00,9100.00,,0.15
8-Feb-15,7915.00,7915.00,7915.00,7915.00,,0.00
1-Feb-15,7915.00,7915.00,7915.00,7915.00,0.00K,-0.12
25-Jan-15,8950.00,8950.00,8950.00,8950.00,,0.00
18-Jan-15,8950.00,9250.00,9250.00,8900.00,0.01K,-0.06
11-Jan-15,9540.00,9080.00,9080.00,8640.00,0.70K,0.04
4-Jan-15,9160.00,9615.00,9780.00,9065.00,7.15K,-0.07
28-Dec-14,9815.00,9445.00,9940.00,9335.00,30.67K,0.04
21-Dec-14,9430.00,9620.00,9900.00,9290.00,242.15K,-0.01
14-Dec-14,9520.00,8650.00,9735.00,8620.00,375.53K,-0.07
7-Dec-14,10240.00,10240.00,10240.00,10240.00,,0.00
30-Nov-14,10240.00,10240.00,10240.00,10240.00,,0.00
23-Nov-14,10240.00,10240.00,10240.00,10240.00,,0.00
16-Nov-14,10240.00,10240.00,10240.00,10240.00,,-0.03
9-Nov-14,10535.00,10535.00,10535.00,10535.00,,0.00
2-Nov-14,10535.00,10535.00,10535.00,10535.00,,0.00
26-Oct-14,10535.00,10970.00,10970.00,10535.00,0.00K,-0.04
19-Oct-14,10970.00,10970.00,10970.00,10970.00,,0.05
12-Oct-14,10400.00,10400.00,10400.00,10400.00,0.00K,0.01
5-Oct-14,10340.00,10340.00,10340.00,10340.00,0.00K,-0.06
28-Sep-14,10995.00,10855.00,10995.00,10855.00,0.00K,0.05
21-Sep-14,10440.00,10390.00,10545.00,10390.00,0.01K,-0.03
14-Sep-14,10815.00,10505.00,10800.00,10505.00,1.24K,0.02
7-Sep-14,10600.00,10900.00,10910.00,10500.00,1.73K,-0.03
31-Aug-14,10950.00,10985.00,11165.00,10905.00,4.35K,-0.01
24-Aug-14,11040.00,11350.00,11350.00,10755.00,53.71K,-0.02
17-Aug-14,11320.00,11310.00,11365.00,11190.00,54.11K,0.01
10-Aug-14,11245.00,11160.00,11315.00,11150.00,19.51K,-0.06
3-Aug-14,12000.00,12000.00,12000.00,12000.00,,0.00
27-Jul-14,12000.00,12000.00,12000.00,12000.00,0.01K,0.04
20-Jul-14,11585.00,11415.00,12115.00,11225.00,0.06K,0.01
13-Jul-14,11490.00,11970.00,12380.00,11485.00,0.35K,-0.05
6-Jul-14,12140.00,12140.00,12140.00,12140.00,,0.00
29-Jun-14,12140.00,12140.00,12140.00,12140.00,,0.00
22-Jun-14,12140.00,12230.00,12230.00,12050.00,0.00K,-0.01
15-Jun-14,12230.00,12230.00,12230.00,12230.00,0.00K,0.06
8-Jun-14,11525.00,11525.00,11525.00,11525.00,,0.00
1-Jun-14,11525.00,11525.00,11525.00,11525.00,,0.00
25-May-14,11525.00,11445.00,11610.00,11445.00,0.00K,0.03
18-May-14,11210.00,11210.00,11210.00,11210.00,,-0.03
11-May-14,11550.00,11600.00,11650.00,11200.00,5.67K,0.00
4-May-14,11605.00,11695.00,11795.00,11430.00,11.06K,-0.01
27-Apr-14,11670.00,11755.00,11840.00,11460.00,56.75K,-0.01
20-Apr-14,11845.00,11780.00,12035.00,11780.00,35.01K,0.01
13-Apr-14,11750.00,11630.00,11795.00,11605.00,30.51K,-0.01
6-Apr-14,11900.00,11900.00,11900.00,11900.00,0.01K,0.04
30-Mar-14,11450.00,11450.00,11450.00,11450.00,,0.01
23-Mar-14,11350.00,10860.00,11670.00,10860.00,0.05K,0.05
16-Mar-14,10805.00,10900.00,10900.00,10620.00,0.03K,-0.04
9-Mar-14,11235.00,11235.00,11235.00,11235.00,,0.00
2-Mar-14,11235.00,11235.00,11235.00,11235.00,,0.00
23-Feb-14,11235.00,11235.00,11235.00,11235.00,,0.00
16-Feb-14,11235.00,11400.00,11400.00,11400.00,0.00K,-0.01
9-Feb-14,11400.00,11400.00,11400.00,11400.00,,-0.02
2-Feb-14,11600.00,12295.00,12295.00,10905.00,0.00K,0.00
26-Jan-14,11600.00,11600.00,11600.00,11600.00,,0.00
19-Jan-14,11600.00,11700.00,11855.00,11425.00,0.05K,0.00
12-Jan-14,11625.00,11900.00,11900.00,11180.00,0.22K,-0.03
5-Jan-14,11945.00,11935.00,11980.00,11865.00,1.75K,0.01
29-Dec-13,11885.00,11795.00,12250.00,11755.00,9.15K,0.01
22-Dec-13,11765.00,11545.00,11800.00,11390.00,21.66K,0.02
15-Dec-13,11505.00,11780.00,11785.00,11455.00,56.61K,-0.04
8-Dec-13,11950.00,11950.00,11950.00,11950.00,0.10K,0.00
1-Dec-13,12000.00,12000.00,12000.00,12000.00,,0.00
24-Nov-13,12000.00,11850.00,12000.00,11850.00,0.07K,0.03
17-Nov-13,11670.00,11700.00,11700.00,11650.00,0.06K,0.02
10-Nov-13,11495.00,11360.00,11600.00,11360.00,0.23K,0.00
3-Nov-13,11505.00,11505.00,11505.00,11505.00,,0.00
27-Oct-13,11505.00,11590.00,11965.00,11500.00,0.41K,-0.01
20-Oct-13,11590.00,11600.00,11630.00,11590.00,0.01K,0.01
13-Oct-13,11500.00,11500.00,11500.00,11500.00,,0.00
6-Oct-13,11500.00,11270.00,11500.00,11270.00,0.01K,0.05
29-Sep-13,11005.00,11005.00,11005.00,11005.00,0.00K,-0.02
22-Sep-13,11190.00,10945.00,11785.00,10940.00,0.18K,-0.01
15-Sep-13,11265.00,11265.00,11265.00,11265.00,,-0.07
8-Sep-13,12110.00,12045.00,12130.00,11500.00,13.96K,0.01
1-Sep-13,12015.00,12270.00,12350.00,11900.00,26.20K,-0.02
25-Aug-13,12310.00,11530.00,12435.00,11530.00,112.77K,0.07
18-Aug-13,11465.00,11545.00,11640.00,11355.00,35.45K,-0.01
11-Aug-13,11545.00,11525.00,11585.00,11475.00,23.70K,-0.01
4-Aug-13,11650.00,11600.00,11650.00,11600.00,0.03K,0.03
28-Jul-13,11355.00,11245.00,11400.00,11245.00,0.05K,0.01
21-Jul-13,11245.00,11145.00,11250.00,10955.00,0.17K,0.04
14-Jul-13,10850.00,10820.00,10840.00,10820.00,0.02K,0.01
7-Jul-13,10695.00,10695.00,10695.00,10695.00,,0.00
30-Jun-13,10695.00,10695.00,10695.00,10695.00,,0.00
23-Jun-13,10695.00,10730.00,10730.00,10675.00,0.01K,0.00
16-Jun-13,10730.00,10730.00,10730.00,10730.00,,-0.01
9-Jun-13,10855.00,10550.00,11180.00,10550.00,0.02K,0.03
2-Jun-13,10550.00,10550.00,10550.00,10550.00,,0.01
26-May-13,10400.00,10335.00,10450.00,10230.00,0.09K,0.00
19-May-13,10365.00,10285.00,10400.00,10285.00,0.01K,0.00
12-May-13,10320.00,10750.00,11060.00,10200.00,0.13K,-0.04
5-May-13,10745.00,10360.00,10900.00,10360.00,0.83K,0.03
28-Apr-13,10425.00,10295.00,10435.00,10245.00,0.71K,0.01
21-Apr-13,10300.00,10080.00,10345.00,9940.00,4.31K,0.03
14-Apr-13,9955.00,10080.00,10145.00,9835.00,9.99K,-0.04
7-Apr-13,10395.00,10490.00,10490.00,10395.00,0.02K,-0.02
31-Mar-13,10590.00,10590.00,10590.00,10590.00,0.00K,-0.01
24-Mar-13,10645.00,10900.00,10900.00,10470.00,0.22K,-0.02
17-Mar-13,10845.00,10690.00,10950.00,10690.00,0.29K,0.02
10-Mar-13,10600.00,10680.00,10825.00,10385.00,0.28K,-0.03
3-Mar-13,10935.00,11000.00,11000.00,10900.00,0.34K,-0.01
24-Feb-13,11035.00,11200.00,11200.00,10950.00,0.48K,-0.01
17-Feb-13,11150.00,11645.00,11645.00,11095.00,0.29K,-0.03
3-Feb-13,11550.00,11500.00,11550.00,11500.00,0.08K,0.01
27-Jan-13,11390.00,10955.00,11455.00,10890.00,0.08K,0.04
20-Jan-13,10985.00,11040.00,11040.00,10980.00,0.04K,0.01
13-Jan-13,10870.00,10970.00,11300.00,10900.00,0.24K,-0.01
6-Jan-13,10970.00,11400.00,11400.00,10970.00,0.31K,-0.04
30-Dec-12,11370.00,11120.00,11380.00,11090.00,0.80K,0.03
23-Dec-12,10995.00,11130.00,11180.00,10695.00,15.01K,-0.01
16-Dec-12,11145.00,11255.00,11415.00,11100.00,14.96K,0.02
9-Dec-12,10900.00,10900.00,10900.00,10900.00,,0.00
2-Dec-12,10900.00,10900.00,10900.00,10900.00,,0.00
25-Nov-12,10900.00,10900.00,10900.00,10900.00,0.02K,0.01
18-Nov-12,10845.00,10800.00,10850.00,10800.00,0.05K,0.02
11-Nov-12,10600.00,10600.00,10600.00,10600.00,,0.01
4-Nov-12,10500.00,10500.00,10500.00,10500.00,,0.00
28-Oct-12,10500.00,10500.00,10500.00,10500.00,,0.00
21-Oct-12,10500.00,10500.00,10500.00,10500.00,0.01K,-0.04
14-Oct-12,10900.00,10900.00,10900.00,10900.00,,0.00
7-Oct-12,10900.00,10900.00,10900.00,10900.00,,0.00
23-Sep-12,10900.00,10950.00,10960.00,10900.00,0.02K,-0.03
16-Sep-12,11180.00,10925.00,11180.00,10840.00,0.02K,0.05
9-Sep-12,10605.00,10600.00,10895.00,10555.00,0.44K,0.01
2-Sep-12,10535.00,10600.00,10610.00,10410.00,2.57K,-0.01
26-Aug-12,10665.00,10400.00,10750.00,10350.00,2.40K,0.03
19-Aug-12,10325.00,10385.00,10525.00,10295.00,5.68K,0.00
12-Aug-12,10365.00,10200.00,10395.00,10150.00,5.39K,0.02
5-Aug-12,10195.00,10200.00,10200.00,10100.00,0.13K,0.02
29-Jul-12,9995.00,9995.00,9995.00,9995.00,0.00K,0.02
22-Jul-12,9805.00,9900.00,9900.00,9805.00,0.01K,-0.03
15-Jul-12,10110.00,10110.00,10110.00,10110.00,,0.02
8-Jul-12,9930.00,9930.00,9930.00,9930.00,,-0.02
1-Jul-12,10145.00,9720.00,10150.00,9720.00,0.13K,0.03
24-Jun-12,9845.00,9770.00,9900.00,9715.00,0.05K,0.03
17-Jun-12,9575.00,9680.00,9900.00,9500.00,0.01K,0.00
10-Jun-12,9570.00,9600.00,9600.00,9400.00,0.14K,0.04
3-Jun-12,9170.00,9145.00,9295.00,9145.00,0.10K,-0.05
27-May-12,9700.00,9725.00,9775.00,9700.00,0.13K,0.01
20-May-12,9595.00,9630.00,9680.00,9415.00,0.05K,0.02
13-May-12,9435.00,9750.00,9750.00,9375.00,1.28K,-0.03
6-May-12,9755.00,9900.00,9980.00,9700.00,1.47K,-0.03
29-Apr-12,10095.00,10250.00,10295.00,10090.00,1.71K,-0.02
22-Apr-12,10270.00,10385.00,10610.00,10170.00,9.99K,-0.01
15-Apr-12,10400.00,10350.00,10440.00,10350.00,7.09K,0.00
8-Apr-12,10350.00,10400.00,10415.00,10350.00,0.27K,-0.01
1-Apr-12,10430.00,10410.00,10435.00,10410.00,0.19K,0.00
25-Mar-12,10395.00,10545.00,10545.00,10320.00,0.61K,0.00
18-Mar-12,10380.00,10550.00,10640.00,10380.00,0.09K,-0.02
11-Mar-12,10550.00,10150.00,10615.00,10100.00,0.98K,0.04
4-Mar-12,10105.00,10055.00,10160.00,9995.00,1.26K,0.01
26-Feb-12,10020.00,9820.00,10050.00,9600.00,0.58K,0.02
19-Feb-12,9795.00,9750.00,9870.00,9710.00,0.44K,0.01
12-Feb-12,9700.00,9660.00,9820.00,9650.00,0.75K,0.00
5-Feb-12,9710.00,9745.00,9835.00,9710.00,0.33K,0.00
29-Jan-12,9755.00,9680.00,9845.00,9680.00,0.48K,0.02
15-Jan-12,9540.00,9190.00,9675.00,9100.00,3.44K,0.03
8-Jan-12,9235.00,9250.00,9365.00,9205.00,5.01K,0.00
1-Jan-12,9235.00,9130.00,9285.00,9115.00,4.76K,0.02
